<system>
	<name>InstanciaDoMarcio</name>
	<data-model>
		<ilf name="DF0000" >
			<ret name="RET0000">
				<det name="DET0001"/>
				<det name="DET0002"/>
				<det name="DET0003"/>
				<det name="DET0004"/>
				<det name="DET0005"/>
				<det name="DET0006"/>
				<det name="DET0007"/>
				<det name="DET0008"/>
				<det name="DET0009"/>
				<det name="DET0010"/>
				<det name="DET0011"/>
				<det name="DET0012"/>
				<det name="DET0013"/>
				<det name="DET0014"/>
				<det name="DET0015"/>
				<det name="DET0016"/>
				<det name="DET0017"/>
				<det name="DET0018"/>
				<det name="DET0019"/>
				<det name="DET0020"/>
				<det name="DET0021"/>
				<det name="DET0022"/>
				<det name="DET0023"/>
				<det name="DET0024"/>
				<det name="DET0025"/>
				<det name="DET0026"/>
				<det name="DET0027"/>
				<det name="DET0028"/>
				<det name="DET0029"/>
				<det name="DET0030"/>
				<det name="DET0031"/>
				<det name="DET0032"/>
				<det name="DET0033"/>
				<det name="DET0034" hasSemanticMeaning="false" />
			</ret>
			<ret name="RET0001">
				<det name="DET0001"/>
				<det name="DET0002"/>
				<det name="DET0003"/>
				<det name="DET0004"/>
				<det name="DET0005"/>
				<det name="DET0006" hasSemanticMeaning="false" />
				<det name="DET0007" hasSemanticMeaning="false" />
			</ret>
			<ret name="RET0002">
				<det name="DET0001"/>
				<det name="DET0002"/>
				<det name="DET0003" hasSemanticMeaning="false" />
				<det name="DET0004" hasSemanticMeaning="false" />
			</ret>
			<ret name="RET0003">
				<det name="DET0001"/>
				<det name="DET0002"/>
				<det name="DET0003" hasSemanticMeaning="false" />
				<det name="DET0004" hasSemanticMeaning="false" />
			</ret>
		</ilf>
		<ilf name="DF0001" >
			<ret name="RET0000">
				<det name="DET0001"/>
				<det name="DET0002"/>
				<det name="DET0003"/>
				<det name="DET0004"/>
				<det name="DET0005"/>
				<det name="DET0006"/>
				<det name="DET0007" hasSemanticMeaning="false" />
			</ret>
		</ilf>
		<ilf name="DF0002" >
			<ret name="RET0000">
				<det name="DET0001"/>
				<det name="DET0002"/>
				<det name="DET0003"/>
				<det name="DET0004"/>
				<det name="DET0005"/>
				<det name="DET0006"/>
				<det name="DET0007"/>
				<det name="DET0008"/>
				<det name="DET0009"/>
				<det name="DET0010"/>
				<det name="DET0011"/>
				<det name="DET0012"/>
				<det name="DET0013"/>
				<det name="DET0014"/>
				<det name="DET0015"/>
				<det name="DET0016"/>
				<det name="DET0017"/>
				<det name="DET0018"/>
				<det name="DET0019"/>
				<det name="DET0020"/>
				<det name="DET0021"/>
				<det name="DET0022"/>
				<det name="DET0023"/>
				<det name="DET0024"/>
				<det name="DET0025"/>
				<det name="DET0026"/>
				<det name="DET0027"/>
				<det name="DET0028"/>
				<det name="DET0029"/>
				<det name="DET0030"/>
				<det name="DET0031"/>
				<det name="DET0032"/>
				<det name="DET0033"/>
				<det name="DET0034"/>
				<det name="DET0035"/>
				<det name="DET0036"/>
				<det name="DET0037"/>
				<det name="DET0038"/>
				<det name="DET0039"/>
				<det name="DET0040"/>
				<det name="DET0041"/>
				<det name="DET0042"/>
				<det name="DET0043"/>
				<det name="DET0044"/>
				<det name="DET0045"/>
				<det name="DET0046"/>
				<det name="DET0047"/>
				<det name="DET0048"/>
				<det name="DET0049"/>
				<det name="DET0050"/>
				<det name="DET0051"/>
				<det name="DET0052"/>
				<det name="DET0053"/>
				<det name="DET0054"/>
				<det name="DET0055"/>
				<det name="DET0056"/>
				<det name="DET0057"/>
				<det name="DET0058"/>
				<det name="DET0059"/>
				<det name="DET0060"/>
				<det name="DET0061"/>
				<det name="DET0062" hasSemanticMeaning="false" />
			</ret>
			<ret name="RET0001">
				<det name="DET0001"/>
				<det name="DET0002"/>
				<det name="DET0003"/>
				<det name="DET0004"/>
				<det name="DET0005"/>
				<det name="DET0006"/>
				<det name="DET0007"/>
				<det name="DET0008"/>
				<det name="DET0009"/>
				<det name="DET0010"/>
				<det name="DET0011"/>
				<det name="DET0012"/>
				<det name="DET0013"/>
				<det name="DET0014"/>
				<det name="DET0015" hasSemanticMeaning="false" />
				<det name="DET0016" hasSemanticMeaning="false" />
			</ret>
			<ret name="RET0002">
				<det name="DET0001"/>
				<det name="DET0002"/>
				<det name="DET0003"/>
				<det name="DET0004" hasSemanticMeaning="false" />
				<det name="DET0005" hasSemanticMeaning="false" />
			</ret>
			<ret name="RET0003">
				<det name="DET0001"/>
				<det name="DET0002"/>
				<det name="DET0003"/>
				<det name="DET0004"/>
				<det name="DET0005"/>
				<det name="DET0006" hasSemanticMeaning="false" />
			</ret>
			<ret name="RET0004">
				<det name="DET0001"/>
				<det name="DET0002" hasSemanticMeaning="false" />
				<det name="DET0003" hasSemanticMeaning="false" />
			</ret>
		</ilf>
		<ilf name="DF0003" >
			<ret name="RET0000">
				<det name="DET0001"/>
				<det name="DET0002"/>
				<det name="DET0003"/>
				<det name="DET0004"/>
				<det name="DET0005"/>
				<det name="DET0006"/>
				<det name="DET0007" hasSemanticMeaning="false" />
			</ret>
		</ilf>
		<ilf name="DF0004" >
			<ret name="RET0000">
				<det name="DET0001"/>
				<det name="DET0002"/>
				<det name="DET0003"/>
				<det name="DET0004" hasSemanticMeaning="false" />
			</ret>
			<ret name="RET0001">
				<det name="DET0001"/>
			</ret>
		</ilf>
		<ilf name="DF0005" >
			<ret name="RET0000">
				<det name="DET0001"/>
				<det name="DET0002"/>
				<det name="DET0003"/>
				<det name="DET0004"/>
				<det name="DET0005"/>
				<det name="DET0006"/>
				<det name="DET0007"/>
				<det name="DET0008" hasSemanticMeaning="false" />
			</ret>
		</ilf>
		<ilf name="DF0006" >
			<ret name="RET0000">
				<det name="DET0001"/>
				<det name="DET0002"/>
				<det name="DET0003"/>
				<det name="DET0004"/>
				<det name="DET0005"/>
				<det name="DET0006"/>
				<det name="DET0007"/>
				<det name="DET0008" hasSemanticMeaning="false" />
			</ret>
		</ilf>
		<ilf name="DF0007" >
			<ret name="RET0000">
				<det name="DET0001"/>
				<det name="DET0002"/>
				<det name="DET0003"/>
				<det name="DET0004"/>
				<det name="DET0005"/>
				<det name="DET0006"/>
				<det name="DET0007"/>
				<det name="DET0008" hasSemanticMeaning="false" />
			</ret>
		</ilf>
		<ilf name="DF0008" >
			<ret name="RET0000">
				<det name="DET0001"/>
				<det name="DET0002"/>
				<det name="DET0003"/>
				<det name="DET0004"/>
				<det name="DET0005"/>
				<det name="DET0006"/>
				<det name="DET0007"/>
				<det name="DET0008"/>
				<det name="DET0009"/>
				<det name="DET0010" hasSemanticMeaning="false" />
			</ret>
		</ilf>
		<ilf name="DF0009" >
			<ret name="RET0000">
				<det name="DET0001"/>
				<det name="DET0002"/>
				<det name="DET0003"/>
				<det name="DET0004"/>
				<det name="DET0005"/>
				<det name="DET0006" hasSemanticMeaning="false" />
			</ret>
		</ilf>
		<ilf name="DF0010" >
			<ret name="RET0000">
				<det name="DET0001"/>
				<det name="DET0002"/>
				<det name="DET0003"/>
				<det name="DET0004"/>
				<det name="DET0005"/>
				<det name="DET0006"/>
				<det name="DET0007" hasSemanticMeaning="false" />
			</ret>
		</ilf>
		<ilf name="DF0011" >
			<ret name="RET0000">
				<det name="DET0001"/>
				<det name="DET0002"/>
				<det name="DET0003"/>
				<det name="DET0004"/>
				<det name="DET0005"/>
				<det name="DET0006"/>
				<det name="DET0007"/>
				<det name="DET0008" hasSemanticMeaning="false" />
			</ret>
			<ret name="RET0001">
				<det name="DET0001"/>
				<det name="DET0002"/>
				<det name="DET0003"/>
				<det name="DET0004"/>
				<det name="DET0005"/>
				<det name="DET0006"/>
				<det name="DET0007"/>
				<det name="DET0008"/>
				<det name="DET0009" hasSemanticMeaning="false" />
				<det name="DET0010" hasSemanticMeaning="false" />
			</ret>
		</ilf>
		<ilf name="DF0012" >
			<ret name="RET0000">
				<det name="DET0001"/>
				<det name="DET0002"/>
				<det name="DET0003"/>
				<det name="DET0004"/>
				<det name="DET0005"/>
				<det name="DET0006"/>
				<det name="DET0007" hasSemanticMeaning="false" />
			</ret>
		</ilf>
		<ilf name="DF0013" >
			<ret name="RET0000">
				<det name="DET0001"/>
				<det name="DET0002"/>
				<det name="DET0003"/>
				<det name="DET0004"/>
				<det name="DET0005"/>
				<det name="DET0006"/>
				<det name="DET0007"/>
				<det name="DET0008"/>
				<det name="DET0009" hasSemanticMeaning="false" />
			</ret>
		</ilf>
		<ilf name="DF0014" >
			<ret name="RET0000">
				<det name="DET0001"/>
				<det name="DET0002"/>
				<det name="DET0003"/>
				<det name="DET0004"/>
				<det name="DET0005"/>
				<det name="DET0006"/>
				<det name="DET0007"/>
				<det name="DET0008"/>
				<det name="DET0009"/>
				<det name="DET0010"/>
				<det name="DET0011"/>
				<det name="DET0012"/>
				<det name="DET0013"/>
				<det name="DET0014"/>
				<det name="DET0015"/>
				<det name="DET0016"/>
				<det name="DET0017"/>
				<det name="DET0018"/>
				<det name="DET0019" hasSemanticMeaning="false" />
			</ret>
		</ilf>
		<ilf name="DF0015" >
			<ret name="RET0000">
				<det name="DET0001"/>
				<det name="DET0002"/>
				<det name="DET0003"/>
				<det name="DET0004"/>
				<det name="DET0005"/>
				<det name="DET0006"/>
				<det name="DET0007"/>
				<det name="DET0008"/>
				<det name="DET0009"/>
				<det name="DET0010"/>
				<det name="DET0011"/>
				<det name="DET0012" hasSemanticMeaning="false" />
			</ret>
		</ilf>
		<ilf name="DF0016" >
			<ret name="RET0000">
				<det name="DET0001"/>
				<det name="DET0002"/>
				<det name="DET0003"/>
				<det name="DET0004"/>
				<det name="DET0005"/>
				<det name="DET0006"/>
				<det name="DET0007"/>
				<det name="DET0008"/>
				<det name="DET0009"/>
				<det name="DET0010"/>
				<det name="DET0011" hasSemanticMeaning="false" />
			</ret>
		</ilf>
		<ilf name="DF0017">
			<ret name="RET0000">
				<det name="DET0001"/>
				<det name="DET0002"/>
				<det name="DET0003"/>
				<det name="DET0004"/>
				<det name="DET0005"/>
				<det name="DET0006"/>
				<det name="DET0007"/>
				<det name="DET0008"/>
				<det name="DET0009" hasSemanticMeaning="false" />
			</ret>
		</ilf>
		<ilf name="DF0018">
			<ret name="RET0000">
				<det name="DET0001"/>
				<det name="DET0002"/>
				<det name="DET0003"/>
				<det name="DET0004"/>
				<det name="DET0005"/>
				<det name="DET0006"/>
				<det name="DET0007"/>
				<det name="DET0008"/>
				<det name="DET0009"/>
				<det name="DET0010" hasSemanticMeaning="false" />
			</ret>
		</ilf>
		<ilf name="DF0019">
			<ret name="RET0000">
				<det name="DET0001"/>
				<det name="DET0002"/>
				<det name="DET0003"/>
				<det name="DET0004"/>
				<det name="DET0005"/>
				<det name="DET0006"/>
				<det name="DET0007"/>
				<det name="DET0008"/>
				<det name="DET0009"/>
				<det name="DET0010"/>
				<det name="DET0011"/>
				<det name="DET0012"/>
				<det name="DET0013"/>
				<det name="DET0014"/>
				<det name="DET0015"/>
				<det name="DET0016"/>
				<det name="DET0017"/>
				<det name="DET0018"/>
				<det name="DET0019"/>
				<det name="DET0020"/>
				<det name="DET0021"/>
				<det name="DET0022"/>
				<det name="DET0023"/>
				<det name="DET0024" hasSemanticMeaning="false" />
			</ret>
		</ilf>
		<ilf name="DF0020">
			<ret name="RET0000">
				<det name="DET0001"/>
				<det name="DET0002"/>
				<det name="DET0003"/>
				<det name="DET0004"/>
				<det name="DET0005"/>
				<det name="DET0006" hasSemanticMeaning="false" />
			</ret>
		</ilf>
		<ilf name="DF0021">
			<ret name="RET0000">
				<det name="DET0001"/>
				<det name="DET0002"/>
				<det name="DET0003"/>
				<det name="DET0004" hasSemanticMeaning="false" />
			</ret>
		</ilf>
		<ilf name="DF0022">
			<ret name="RET0000">
				<det name="DET0001"/>
				<det name="DET0002"/>
				<det name="DET0003"/>
				<det name="DET0004"/>
				<det name="DET0005"/>
				<det name="DET0006" hasSemanticMeaning="false" />
			</ret>
		</ilf>
		<ilf name="DF0023">
			<ret name="RET0000">
				<det name="DET0001"/>
				<det name="DET0002"/>
				<det name="DET0003"/>
				<det name="DET0004"/>
				<det name="DET0005"/>
				<det name="DET0006"/>
				<det name="DET0007"/>
				<det name="DET0008"/>
				<det name="DET0009"/>
				<det name="DET0010"/>
				<det name="DET0011"/>
				<det name="DET0012"/>
				<det name="DET0013"/>
				<det name="DET0014" hasSemanticMeaning="false" />
			</ret>
		</ilf>
		<ilf name="DF0024">
			<ret name="RET0000">
				<det name="DET0001"/>
				<det name="DET0002"/>
				<det name="DET0003"/>
				<det name="DET0004"/>
				<det name="DET0005"/>
				<det name="DET0006"/>
				<det name="DET0007"/>
				<det name="DET0008"/>
				<det name="DET0009"/>
				<det name="DET0010"/>
				<det name="DET0011" hasSemanticMeaning="false" />
			</ret>
		</ilf>
		<ilf name="DF0025">
			<ret name="RET0000">
				<det name="DET0001"/>
				<det name="DET0002"/>
				<det name="DET0003"/>
				<det name="DET0004"/>
				<det name="DET0005"/>
				<det name="DET0006"/>
				<det name="DET0007"/>
				<det name="DET0008"/>
				<det name="DET0009"/>
				<det name="DET0010"/>
				<det name="DET0011" hasSemanticMeaning="false" />
			</ret>
		</ilf>
		<ilf name="DF0026">
			<ret name="RET0000">
				<det name="DET0001"/>
				<det name="DET0002"/>
				<det name="DET0003"/>
				<det name="DET0004"/>
				<det name="DET0005"/>
				<det name="DET0006"/>
				<det name="DET0007"/>
				<det name="DET0008" hasSemanticMeaning="false" />
			</ret>
		</ilf>
		<ilf name="DF0027">
			<ret name="RET0000">
				<det name="DET0001"/>
				<det name="DET0002"/>
				<det name="DET0003"/>
				<det name="DET0004"/>
				<det name="DET0005" hasSemanticMeaning="false" />
			</ret>
		</ilf>
		<ilf name="DF0028">
			<ret name="RET0000">
				<det name="DET0001"/>
				<det name="DET0002"/>
				<det name="DET0003"/>
				<det name="DET0004"/>
				<det name="DET0005"/>
				<det name="DET0006" hasSemanticMeaning="false" />
			</ret>
		</ilf>
		<ilf name="DF0029">
			<ret name="RET0000">
				<det name="DET0001"/>
				<det name="DET0002"/>
				<det name="DET0003"/>
				<det name="DET0004"/>
				<det name="DET0005"/>
				<det name="DET0006"/>
				<det name="DET0007"/>
				<det name="DET0008" hasSemanticMeaning="false" />
			</ret>
		</ilf>
		<ilf name="DF0030">
			<ret name="RET0000">
				<det name="DET0001"/>
				<det name="DET0002"/>
				<det name="DET0003"/>
				<det name="DET0004"/>
				<det name="DET0005"/>
				<det name="DET0006" hasSemanticMeaning="false" />
			</ret>
		</ilf>
		<ilf name="DF0031">
			<ret name="RET0000">
				<det name="DET0001"/>
				<det name="DET0002"/>
				<det name="DET0003"/>
				<det name="DET0004"/>
				<det name="DET0005"/>
				<det name="DET0006"/>
				<det name="DET0007"/>
				<det name="DET0008"/>
				<det name="DET0009" hasSemanticMeaning="false" />
			</ret>
		</ilf>
		<ilf name="DF0032">
			<ret name="RET0000">
				<det name="DET0001"/>
				<det name="DET0002"/>
				<det name="DET0003"/>
				<det name="DET0004"/>
				<det name="DET0005"/>
				<det name="DET0006" hasSemanticMeaning="false" />
			</ret>
		</ilf>
		<ilf name="DF0033">
			<ret name="RET0000">
				<det name="DET0001"/>
				<det name="DET0002"/>
				<det name="DET0003"/>
				<det name="DET0004"/>
				<det name="DET0005"/>
				<det name="DET0006"/>
				<det name="DET0007"/>
				<det name="DET0008" hasSemanticMeaning="false" />
			</ret>
		</ilf>
		<ilf name="DF0034">
			<ret name="RET0000">
				<det name="DET0001"/>
				<det name="DET0002"/>
				<det name="DET0003"/>
				<det name="DET0004"/>
				<det name="DET0005"/>
				<det name="DET0006" hasSemanticMeaning="false" />
			</ret>
		</ilf>
		<ilf name="DF0035">
			<ret name="RET0000">
				<det name="DET0001"/>
				<det name="DET0002"/>
				<det name="DET0003"/>
				<det name="DET0004"/>
				<det name="DET0005"/>
				<det name="DET0006"/>
				<det name="DET0007"/>
				<det name="DET0008" hasSemanticMeaning="false" />
			</ret>
		</ilf>
		<ilf name="DF0036">
			<ret name="RET0000">
				<det name="DET0001"/>
				<det name="DET0002"/>
				<det name="DET0003"/>
				<det name="DET0004"/>
				<det name="DET0005" hasSemanticMeaning="false" />
			</ret>
		</ilf>
		<ilf name="DF0037">
			<ret name="RET0000">
				<det name="DET0001"/>
				<det name="DET0002"/>
				<det name="DET0003"/>
				<det name="DET0004"/>
				<det name="DET0005" hasSemanticMeaning="false" />
			</ret>
		</ilf>
		<ilf name="DF0038">
			<ret name="RET0000">
				<det name="DET0001"/>
				<det name="DET0002"/>
				<det name="DET0003"/>
				<det name="DET0004"/>
				<det name="DET0005"/>
				<det name="DET0006"/>
				<det name="DET0007" hasSemanticMeaning="false" />
			</ret>
		</ilf>
		<ilf name="DF0039">
			<ret name="RET0000">
				<det name="DET0001"/>
				<det name="DET0002"/>
				<det name="DET0003"/>
				<det name="DET0004" hasSemanticMeaning="false" />
			</ret>
		</ilf>
	</data-model>
	<transaction-model>
		<transaction name="TF0000" type="EI">
			<ftr-list>
			<ftr name="DF0000">
				<det name="DET0033"/>
				<det name="DET0021"/>
			</ftr>
			</ftr-list>
		</transaction>
		<transaction name="TF0001" type="EI">
			<ftr-list>
			<ftr name="DF0000">
				<det name="DET0033"/>
				<det name="DET0021"/>
			</ftr>
			<ftr name="DF0002">
				<det name="DET0061"/>
				<det name="DET0000"/>
				<det name="DET0023"/>
				<det name="DET0024"/>
				<det name="DET0027"/>
				<det name="DET0004"/>
				<det name="DET0005"/>
				<det name="DET0020"/>
				<det name="DET0025"/>
				<det name="DET0015"/>
				<det name="DET0019"/>
				<det name="DET0021"/>
				<det name="DET0022"/>
				<det name="DET0014"/>
				<det name="DET0026"/>
			</ftr>
			<ftr name="DF0003">
				<det name="DET0001"/>
				<det name="DET0000"/>
				<det name="DET0002"/>
				<det name="DET0003"/>
			</ftr>
			</ftr-list>
		</transaction>
		<transaction name="TF0002" type="EO">
			<ftr-list>
			<ftr name="DF0000">
				<det name="DET0033"/>
				<det name="DET0021"/>
			</ftr>
			<ftr name="DF0002">
				<det name="DET0061"/>
				<det name="DET0015"/>
				<det name="DET0004"/>
				<det name="DET0011"/>
				<det name="DET0019"/>
				<det name="DET0017"/>
				<det name="DET0024"/>
				<det name="DET0039"/>
				<det name="DET0035"/>
				<det name="DET0041"/>
				<det name="DET0000"/>
			</ftr>
			</ftr-list>
		</transaction>
		<transaction name="TF0003" type="EO" extraDET="6">
			<ftr-list>
			<ftr name="DF0000">
				<det name="DET0033"/>
			</ftr>
			<ftr name="DF0002">
				<det name="DET0011"/>
				<det name="DET0019"/>
				<det name="DET0017"/>
				<det name="DET0024"/>
				<det name="DET0039"/>
				<det name="DET0035"/>
				<det name="DET0041"/>
				<det name="DET0004"/>
				<det name="DET0015"/>
				<det name="DET0000"/>
			</ftr>
			<ftr name="DF0006">
				<det name="DET0007"/>
				<det name="DET0006"/>
				<det name="DET0001"/>
				<det name="DET0003"/>
				<det name="DET0005"/>
				<det name="DET0004"/>
				<det name="DET0006"/>
			</ftr>
			<ftr name="DF0007">
				<det name="DET0007"/>
				<det name="DET0006"/>
				<det name="DET0001"/>
				<det name="DET0003"/>
				<det name="DET0005"/>
				<det name="DET0004"/>
				<det name="DET0006"/>
			</ftr>
			</ftr-list>
		</transaction>
		<transaction name="TF0004" type="EI">
			<ftr-list>
			<ftr name="DF0000">
				<det name="DET0033"/>
				<det name="DET0021"/>
			</ftr>
			<ftr name="DF0002">
				<det name="DET0061"/>
				<det name="DET0000"/>
				<det name="DET0060"/>
				<det name="DET0027"/>
			</ftr>
			<ftr name="DF0006">
				<det name="DET0003"/>
				<det name="DET0005"/>
				<det name="DET0004"/>
				<det name="DET0001"/>
			</ftr>
			</ftr-list>
		</transaction>
		<transaction name="TF0005" type="EI">
			<ftr-list>
			<ftr name="DF0000">
				<det name="DET0033"/>
				<det name="DET0021"/>
			</ftr>
			<ftr name="DF0006">
				<det name="DET0007"/>
				<det name="DET0001"/>
			</ftr>
			<ftr name="DF0002">
				<det name="DET0000"/>
				<det name="DET0061"/>
			</ftr>
			<ftr name="DF0007">
				<det name="DET0002"/>
			</ftr>
			</ftr-list>
		</transaction>
		<transaction name="TF0006" type="EI">
			<ftr-list>
			<ftr name="DF0000">
				<det name="DET0033"/>
				<det name="DET0021"/>
				<det name="DET0004"/>
				<det name="DET0002"/>
			</ftr>
			<ftr name="DF0006">
				<det name="DET0007"/>
				<det name="DET0005"/>
				<det name="DET0004"/>
			</ftr>
			<ftr name="DF0002">
				<det name="DET0061"/>
				<det name="DET0000"/>
				<det name="DET0060"/>
				<det name="DET0019"/>
				<det name="DET0001"/>
				<det name="DET0004"/>
				<det name="DET0005"/>
			</ftr>
			</ftr-list>
		</transaction>
		<transaction name="TF0007" type="EI">
			<ftr-list>
			<ftr name="DF0000">
				<det name="DET0033"/>
				<det name="DET0021"/>
				<det name="DET0004"/>
				<det name="DET0002"/>
			</ftr>
			<ftr name="DF0006">
				<det name="DET0007"/>
				<det name="DET0006"/>
				<det name="DET0001"/>
				<det name="DET0002"/>
			</ftr>
			<ftr name="DF0002">
				<det name="DET0000"/>
				<det name="DET0060"/>
				<det name="DET0019"/>
				<det name="DET0001"/>
				<det name="DET0004"/>
				<det name="DET0005"/>
			</ftr>
			<ftr name="DF0007">
				<det name="DET0003"/>
				<det name="DET0005"/>
				<det name="DET0004"/>
			</ftr>
			</ftr-list>
		</transaction>
		<transaction name="TF0008" type="EI">
			<ftr-list>
			<ftr name="DF0000">
				<det name="DET0033"/>
				<det name="DET0021"/>
				<det name="DET0004"/>
				<det name="DET0002"/>
			</ftr>
			<ftr name="DF0007">
				<det name="DET0007"/>
				<det name="DET0006"/>
				<det name="DET0001"/>
				<det name="DET0002"/>
			</ftr>
			<ftr name="DF0006">
				<det name="DET0007"/>
				<det name="DET0002"/>
			</ftr>
			<ftr name="DF0002">
				<det name="DET0000"/>
				<det name="DET0001"/>
				<det name="DET0004"/>
				<det name="DET0005"/>
			</ftr>
			</ftr-list>
		</transaction>
		<transaction name="TF0009" type="EI">
			<ftr-list>
			<ftr name="DF0000">
				<det name="DET0033"/>
				<det name="DET0021"/>
				<det name="DET0004"/>
				<det name="DET0002"/>
			</ftr>
			<ftr name="DF0007">
				<det name="DET0007"/>
				<det name="DET0006"/>
				<det name="DET0001"/>
				<det name="DET0002"/>
			</ftr>
			<ftr name="DF0006">
				<det name="DET0007"/>
				<det name="DET0002"/>
				<det name="DET0001"/>
			</ftr>
			<ftr name="DF0002">
				<det name="DET0000"/>
				<det name="DET0060"/>
				<det name="DET0059"/>
				<det name="DET0001"/>
				<det name="DET0004"/>
				<det name="DET0005"/>
			</ftr>
			</ftr-list>
		</transaction>
		<transaction name="TF0010" type="EQ" extraDET="1">
			<ftr-list>
			<ftr name="DF0000">
				<det name="DET0033"/>
				<det name="DET0021"/>
			</ftr>
			<ftr name="DF0002">
				<det name="DET0015"/>
				<det name="DET0004"/>
			</ftr>
			<ftr name="DF0006">
				<det name="DET0007"/>
				<det name="DET0003"/>
				<det name="DET0005"/>
				<det name="DET0004"/>
				<det name="DET0000"/>
				<det name="DET0006"/>
			</ftr>
			<ftr name="DF0007">
				<det name="DET0007"/>
				<det name="DET0003"/>
				<det name="DET0005"/>
				<det name="DET0004"/>
				<det name="DET0000"/>
				<det name="DET0006"/>
			</ftr>
			</ftr-list>
		</transaction>
		<transaction name="TF0011" type="EI">
			<ftr-list>
			<ftr name="DF0000">
				<det name="DET0033"/>
				<det name="DET0021"/>
				<det name="DET0004"/>
				<det name="DET0002"/>
			</ftr>
			<ftr name="DF0008">
				<det name="DET0002"/>
				<det name="DET0003"/>
				<det name="DET0006"/>
				<det name="DET0004"/>
				<det name="DET0007"/>
				<det name="DET0005"/>
			</ftr>
			</ftr-list>
		</transaction>
		<transaction name="TF0012" type="EI">
			<ftr-list>
			<ftr name="DF0000">
				<det name="DET0033"/>
				<det name="DET0021"/>
				<det name="DET0004"/>
				<det name="DET0002"/>
			</ftr>
			<ftr name="DF0008">
				<det name="DET0009"/>
				<det name="DET0001"/>
				<det name="DET0002"/>
				<det name="DET0003"/>
				<det name="DET0006"/>
			</ftr>
			</ftr-list>
		</transaction>
		<transaction name="TF0013" type="EQ">
			<ftr-list>
			<ftr name="DF0000">
				<det name="DET0033"/>
				<det name="DET0021"/>
			</ftr>
			<ftr name="DF0008">
				<det name="DET0009"/>
				<det name="DET0002"/>
				<det name="DET0003"/>
				<det name="DET0006"/>
				<det name="DET0007"/>
				<det name="DET0005"/>
				<det name="DET0000"/>
				<det name="DET0008"/>
				<det name="DET0004"/>
			</ftr>
			</ftr-list>
		</transaction>
		<transaction name="TF0014" type="EI">
			<ftr-list>
			<ftr name="DF0000">
				<det name="DET0033"/>
				<det name="DET0021"/>
			</ftr>
			</ftr-list>
		</transaction>
		<transaction name="TF0015" type="EI">
			<ftr-list>
			<ftr name="DF0000">
				<det name="DET0033"/>
				<det name="DET0021"/>
			</ftr>
			<ftr name="DF0002">
				<det name="DET0061"/>
				<det name="DET0000"/>
				<det name="DET0060"/>
			</ftr>
			</ftr-list>
		</transaction>
		<transaction name="TF0016" type="EQ">
			<ftr-list>
			<ftr name="DF0000">
				<det name="DET0033"/>
				<det name="DET0021"/>
			</ftr>
			<ftr name="DF0002">
				<det name="DET0061"/>
				<det name="DET0000"/>
				<det name="DET0060"/>
				<det name="DET0028"/>
				<det name="DET0089"/>
				<det name="DET0091"/>
			</ftr>
			</ftr-list>
		</transaction>
		<transaction name="TF0017" type="EQ">
			<ftr-list>
			<ftr name="DF0000">
				<det name="DET0033"/>
				<det name="DET0021"/>
			</ftr>
			<ftr name="DF0002">
				<det name="DET0061"/>
				<det name="DET0000"/>
				<det name="DET0060"/>
				<det name="DET0028"/>
				<det name="DET0089"/>
				<det name="DET0091"/>
			</ftr>
			</ftr-list>
		</transaction>
		<transaction name="TF0018" type="EI">
			<ftr-list>
			<ftr name="DF0000">
				<det name="DET0033"/>
				<det name="DET0021"/>
			</ftr>
			<ftr name="DF0002">
				<det name="DET0061"/>
				<det name="DET0000"/>
				<det name="DET0060"/>
				<det name="DET0028"/>
				<det name="DET0089"/>
				<det name="DET0091"/>
			</ftr>
			</ftr-list>
		</transaction>
		<transaction name="TF0019" type="EI">
			<ftr-list>
			<ftr name="DF0000">
				<det name="DET0033"/>
				<det name="DET0021"/>
			</ftr>
			<ftr name="DF0002">
				<det name="DET0061"/>
				<det name="DET0000"/>
				<det name="DET0091"/>
				<det name="DET0060"/>
				<det name="DET0028"/>
				<det name="DET0089"/>
			</ftr>
			</ftr-list>
		</transaction>
		<transaction name="TF0020" type="EQ" extraDET="1">
			<ftr-list>
			<ftr name="DF0002">
				<det name="DET0004"/>
				<det name="DET0015"/>
				<det name="DET0005"/>
				<det name="DET0020"/>
				<det name="DET0000"/>
			</ftr>
			<ftr name="DF0009">
				<det name="DET0002"/>
				<det name="DET0003"/>
			</ftr>
			</ftr-list>
		</transaction>
		<transaction name="TF0021" type="EQ">
			<ftr-list>
			<ftr name="DF0002">
				<det name="DET0061"/>
				<det name="DET0060"/>
				<det name="DET0028"/>
			</ftr>
			<ftr name="DF0010">
				<det name="DET0000"/>
				<det name="DET0001"/>
				<det name="DET0002"/>
				<det name="DET0003"/>
				<det name="DET0004"/>
				<det name="DET0005"/>
			</ftr>
			</ftr-list>
		</transaction>
		<transaction name="TF0022" type="EI">
			<ftr-list>
			<ftr name="DF0009">
				<det name="DET0000"/>
				<det name="DET0003"/>
				<det name="DET0002"/>
				<det name="DET0001"/>
				<det name="DET0004"/>
			</ftr>
			<ftr name="DF0002">
				<det name="DET0028"/>
				<det name="DET0060"/>
				<det name="DET0000"/>
				<det name="DET0001"/>
				<det name="DET0002"/>
				<det name="DET0004"/>
				<det name="DET0005"/>
			</ftr>
			<ftr name="DF0000">
				<det name="DET0002"/>
				<det name="DET0004"/>
			</ftr>
			</ftr-list>
		</transaction>
		<transaction name="TF0023" type="EI">
			<ftr-list>
			<ftr name="DF0002">
				<det name="DET0061"/>
				<det name="DET0060"/>
				<det name="DET0028"/>
				<det name="DET0000"/>
				<det name="DET0001"/>
				<det name="DET0002"/>
				<det name="DET0004"/>
				<det name="DET0005"/>
			</ftr>
			<ftr name="DF0000">
				<det name="DET0002"/>
				<det name="DET0004"/>
			</ftr>
			<ftr name="DF0009">
				<det name="DET0005"/>
				<det name="DET0004"/>
			</ftr>
			<ftr name="DF0010">
				<det name="DET0006"/>
				<det name="DET0005"/>
			</ftr>
			</ftr-list>
		</transaction>
		<transaction name="TF0024" type="EI">
			<ftr-list>
			<ftr name="DF0002">
				<det name="DET0061"/>
				<det name="DET0060"/>
				<det name="DET0028"/>
				<det name="DET0000"/>
				<det name="DET0001"/>
				<det name="DET0002"/>
				<det name="DET0004"/>
				<det name="DET0005"/>
			</ftr>
			<ftr name="DF0000">
				<det name="DET0002"/>
				<det name="DET0004"/>
			</ftr>
			<ftr name="DF0010">
				<det name="DET0004"/>
				<det name="DET0003"/>
				<det name="DET0006"/>
				<det name="DET0005"/>
			</ftr>
			</ftr-list>
		</transaction>
		<transaction name="TF0025" type="EI">
			<ftr-list>
			<ftr name="DF0002">
				<det name="DET0061"/>
				<det name="DET0060"/>
				<det name="DET0028"/>
				<det name="DET0000"/>
				<det name="DET0001"/>
				<det name="DET0002"/>
				<det name="DET0004"/>
				<det name="DET0005"/>
			</ftr>
			<ftr name="DF0010">
				<det name="DET0006"/>
				<det name="DET0005"/>
			</ftr>
			<ftr name="DF0000">
				<det name="DET0002"/>
				<det name="DET0004"/>
			</ftr>
			</ftr-list>
		</transaction>
		<transaction name="TF0026" type="EQ" extraDET="8">
			<ftr-list>
			<ftr name="DF0002">
				<det name="DET0061"/>
				<det name="DET0001"/>
				<det name="DET0000"/>
				<det name="DET0004"/>
				<det name="DET0015"/>
				<det name="DET0020"/>
				<det name="DET0026"/>
			</ftr>
			</ftr-list>
		</transaction>
		<transaction name="TF0027" type="EQ" extraDET="8">
			<ftr-list>
			<ftr name="DF0002">
				<det name="DET0000"/>
				<det name="DET0061"/>
				<det name="DET0001"/>
				<det name="DET0000"/>
				<det name="DET0004"/>
				<det name="DET0015"/>
				<det name="DET0020"/>
				<det name="DET0026"/>
			</ftr>
			</ftr-list>
		</transaction>
		<transaction name="TF0028" type="EI">
			<ftr-list>
			<ftr name="DF0002">
				<det name="DET0000"/>
				<det name="DET0061"/>
				<det name="DET0001"/>
				<det name="DET0002"/>
				<det name="DET0003"/>
				<det name="DET0004"/>
				<det name="DET0005"/>
				<det name="DET0006"/>
				<det name="DET0007"/>
				<det name="DET0008"/>
				<det name="DET0009"/>
				<det name="DET0011"/>
				<det name="DET0014"/>
				<det name="DET0015"/>
				<det name="DET0016"/>
				<det name="DET0017"/>
				<det name="DET0018"/>
				<det name="DET0020"/>
				<det name="DET0021"/>
				<det name="DET0022"/>
				<det name="DET0019"/>
				<det name="DET0010"/>
			</ftr>
			<ftr name="DF0000">
				<det name="DET0004"/>
				<det name="DET0021"/>
			</ftr>
			</ftr-list>
		</transaction>
		<transaction name="TF0029" type="EI">
			<ftr-list>
			<ftr name="DF0002">
				<det name="DET0061"/>
				<det name="DET0060"/>
			</ftr>
			<ftr name="DF0000">
				<det name="DET0021"/>
			</ftr>
			</ftr-list>
		</transaction>
		<transaction name="TF0030" type="EI">
			<ftr-list>
			<ftr name="DF0002">
				<det name="DET0061"/>
				<det name="DET0060"/>
			</ftr>
			<ftr name="DF0000">
				<det name="DET0021"/>
			</ftr>
			</ftr-list>
		</transaction>
		<transaction name="TF0031" type="EQ" extraDET="1">
			<ftr-list>
			<ftr name="DF0003">
				<det name="DET0001"/>
				<det name="DET0000"/>
				<det name="DET0002"/>
				<det name="DET0004"/>
				<det name="DET0005"/>
				<det name="DET0003"/>
			</ftr>
			<ftr name="DF0004">
				<det name="DET0004"/>
				<det name="DET0000"/>
				<det name="DET0001"/>
				<det name="DET0002"/>
			</ftr>
			</ftr-list>
		</transaction>
		<transaction name="TF0032" type="EI" extraDET="9">
			<ftr-list>
			<ftr name="DF0003">
				<det name="DET0001"/>
				<det name="DET0000"/>
			</ftr>
			</ftr-list>
		</transaction>
		<transaction name="TF0033" type="EQ">
			<ftr-list>
			<ftr name="DF0002">
				<det name="DET0076"/>
				<det name="DET0062"/>
				<det name="DET0000"/>
				<det name="DET0061"/>
				<det name="DET0077"/>
				<det name="DET0064"/>
				<det name="DET0065"/>
				<det name="DET0066"/>
				<det name="DET0067"/>
				<det name="DET0068"/>
				<det name="DET0069"/>
				<det name="DET0070"/>
				<det name="DET0071"/>
				<det name="DET0072"/>
				<det name="DET0073"/>
				<det name="DET0074"/>
				<det name="DET0075"/>
			</ftr>
			</ftr-list>
		</transaction>
		<transaction name="TF0034" type="EI" extraDET="1">
			<ftr-list>
			<ftr name="DF0002">
				<det name="DET0061"/>
				<det name="DET0076"/>
				<det name="DET0062"/>
				<det name="DET0077"/>
				<det name="DET0064"/>
				<det name="DET0065"/>
				<det name="DET0066"/>
				<det name="DET0067"/>
				<det name="DET0068"/>
				<det name="DET0069"/>
				<det name="DET0070"/>
				<det name="DET0071"/>
				<det name="DET0072"/>
				<det name="DET0073"/>
				<det name="DET0075"/>
				<det name="DET0074"/>
			</ftr>
			</ftr-list>
		</transaction>
		<transaction name="TF0035" type="EI">
			<ftr-list>
			<ftr name="DF0002">
				<det name="DET0061"/>
				<det name="DET0076"/>
				<det name="DET0077"/>
				<det name="DET0063"/>
			</ftr>
			</ftr-list>
		</transaction>
		<transaction name="TF0036" type="EI">
			<ftr-list>
			<ftr name="DF0002">
				<det name="DET0061"/>
				<det name="DET0077"/>
				<det name="DET0076"/>
			</ftr>
			</ftr-list>
		</transaction>
		<transaction name="TF0037" type="EI">
			<ftr-list>
			<ftr name="DF0002">
				<det name="DET0061"/>
				<det name="DET0012"/>
				<det name="DET0013"/>
			</ftr>
			</ftr-list>
		</transaction>
		<transaction name="TF0038" type="EI">
			<ftr-list>
			<ftr name="DF0002">
				<det name="DET0061"/>
				<det name="DET0029"/>
				<det name="DET0030"/>
				<det name="DET0031"/>
			</ftr>
			</ftr-list>
		</transaction>
		<transaction name="TF0039" type="EI">
			<ftr-list>
			<ftr name="DF0002">
				<det name="DET0061"/>
				<det name="DET0032"/>
			</ftr>
			</ftr-list>
		</transaction>
		<transaction name="TF0040" type="EI">
			<ftr-list>
			<ftr name="DF0002">
				<det name="DET0061"/>
				<det name="DET0033"/>
				<det name="DET0034"/>
			</ftr>
			</ftr-list>
		</transaction>
		<transaction name="TF0041" type="EI">
			<ftr-list>
			<ftr name="DF0002">
				<det name="DET0061"/>
				<det name="DET0035"/>
				<det name="DET0036"/>
				<det name="DET0037"/>
				<det name="DET0038"/>
			</ftr>
			</ftr-list>
		</transaction>
		<transaction name="TF0042" type="EI">
			<ftr-list>
			<ftr name="DF0002">
				<det name="DET0061"/>
				<det name="DET0039"/>
			</ftr>
			</ftr-list>
		</transaction>
		<transaction name="TF0043" type="EI">
			<ftr-list>
			<ftr name="DF0002">
				<det name="DET0061"/>
				<det name="DET0040"/>
			</ftr>
			</ftr-list>
		</transaction>
		<transaction name="TF0044" type="EI">
			<ftr-list>
			<ftr name="DF0002">
				<det name="DET0061"/>
				<det name="DET0041"/>
			</ftr>
			</ftr-list>
		</transaction>
		<transaction name="TF0045" type="EI">
			<ftr-list>
			<ftr name="DF0002">
				<det name="DET0061"/>
				<det name="DET0042"/>
			</ftr>
			</ftr-list>
		</transaction>
		<transaction name="TF0046" type="EI">
			<ftr-list>
			<ftr name="DF0002">
				<det name="DET0061"/>
				<det name="DET0045"/>
			</ftr>
			</ftr-list>
		</transaction>
		<transaction name="TF0047" type="EI">
			<ftr-list>
			<ftr name="DF0002">
				<det name="DET0061"/>
				<det name="DET0046"/>
			</ftr>
			</ftr-list>
		</transaction>
		<transaction name="TF0048" type="EI">
			<ftr-list>
			<ftr name="DF0002">
				<det name="DET0061"/>
				<det name="DET0047"/>
			</ftr>
			</ftr-list>
		</transaction>
		<transaction name="TF0049" type="EI">
			<ftr-list>
			<ftr name="DF0002">
				<det name="DET0061"/>
				<det name="DET0048"/>
			</ftr>
			</ftr-list>
		</transaction>
		<transaction name="TF0050" type="EI">
			<ftr-list>
			<ftr name="DF0002">
				<det name="DET0061"/>
				<det name="DET0052"/>
				<det name="DET0053"/>
			</ftr>
			</ftr-list>
		</transaction>
		<transaction name="TF0051" type="EI">
			<ftr-list>
			<ftr name="DF0002">
				<det name="DET0061"/>
				<det name="DET0054"/>
				<det name="DET0055"/>
				<det name="DET0056"/>
				<det name="DET0057"/>
			</ftr>
			</ftr-list>
		</transaction>
		<transaction name="TF0052" type="EI">
			<ftr-list>
			<ftr name="DF0002">
				<det name="DET0061"/>
				<det name="DET0058"/>
			</ftr>
			</ftr-list>
		</transaction>
		<transaction name="TF0053" type="EI">
			<ftr-list>
			<ftr name="DF0002">
				<det name="DET0061"/>
				<det name="DET0050"/>
			</ftr>
			</ftr-list>
		</transaction>
		<transaction name="TF0054" type="EI">
			<ftr-list>
			<ftr name="DF0002">
				<det name="DET0061"/>
				<det name="DET0049"/>
			</ftr>
			</ftr-list>
		</transaction>
		<transaction name="TF0055" type="EI">
			<ftr-list>
			<ftr name="DF0002">
				<det name="DET0061"/>
				<det name="DET0051"/>
			</ftr>
			</ftr-list>
		</transaction>
		<transaction name="TF0056" type="EI">
			<ftr-list>
			<ftr name="DF0002">
				<det name="DET0061"/>
				<det name="DET0043"/>
				<det name="DET0044"/>
			</ftr>
			</ftr-list>
		</transaction>
		<transaction name="TF0057" type="EI">
			<ftr-list>
			<ftr name="DF0002">
				<det name="DET0061"/>
				<det name="DET0059"/>
			</ftr>
			<ftr name="DF0000">
				<det name="DET0004"/>
			</ftr>
			</ftr-list>
		</transaction>
		<transaction name="TF0058" type="EI">
			<ftr-list>
			<ftr name="DF0002">
				<det name="DET0061"/>
				<det name="DET0078"/>
				<det name="DET0080"/>
				<det name="DET0079"/>
			</ftr>
			</ftr-list>
		</transaction>
		<transaction name="TF0059" type="EQ">
			<ftr-list>
			<ftr name="DF0002">
				<det name="DET0061"/>
				<det name="DET0079"/>
				<det name="DET0080"/>
				<det name="DET0082"/>
			</ftr>
			</ftr-list>
		</transaction>
		<transaction name="TF0060" type="EI">
			<ftr-list>
			<ftr name="DF0005">
				<det name="DET0000"/>
				<det name="DET0003"/>
				<det name="DET0005"/>
				<det name="DET0004"/>
				<det name="DET0006"/>
			</ftr>
			</ftr-list>
		</transaction>
		<transaction name="TF0061" type="EQ">
			<ftr-list>
			<ftr name="DF0005">
				<det name="DET0000"/>
				<det name="DET0003"/>
				<det name="DET0005"/>
				<det name="DET0004"/>
				<det name="DET0006"/>
				<det name="DET0002"/>
				<det name="DET0001"/>
			</ftr>
			</ftr-list>
		</transaction>
		<transaction name="TF0062" type="EI">
			<ftr-list>
			<ftr name="DF0002">
				<det name="DET0061"/>
				<det name="DET0028"/>
			</ftr>
			</ftr-list>
		</transaction>
		<transaction name="TF0063" type="EI">
			<ftr-list>
			<ftr name="DF0002">
				<det name="DET0061"/>
				<det name="DET0028"/>
			</ftr>
			</ftr-list>
		</transaction>
		<transaction name="TF0064" type="EQ">
			<ftr-list>
			<ftr name="DF0002">
				<det name="DET0061"/>
				<det name="DET0088"/>
				<det name="DET0085"/>
				<det name="DET0084"/>
				<det name="DET0086"/>
			</ftr>
			</ftr-list>
		</transaction>
		<transaction name="TF0065" type="EI">
			<ftr-list>
			<ftr name="DF0002">
				<det name="DET0061"/>
				<det name="DET0083"/>
				<det name="DET0001"/>
				<det name="DET0009"/>
				<det name="DET0011"/>
				<det name="DET0014"/>
				<det name="DET0015"/>
				<det name="DET0017"/>
				<det name="DET0018"/>
				<det name="DET0020"/>
				<det name="DET0021"/>
				<det name="DET0022"/>
				<det name="DET0019"/>
			</ftr>
			<ftr name="DF0004">
				<det name="DET0003"/>
				<det name="DET0000"/>
			</ftr>
			</ftr-list>
		</transaction>
		<transaction name="TF0066" type="EI">
			<ftr-list>
			<ftr name="DF0002">
				<det name="DET0088"/>
				<det name="DET0083"/>
				<det name="DET0061"/>
			</ftr>
			</ftr-list>
		</transaction>
		<transaction name="TF0067" type="EI" extraDET="1">
			<ftr-list>
			<ftr name="DF0002">
				<det name="DET0088"/>
				<det name="DET0083"/>
				<det name="DET0061"/>
				<det name="DET0087"/>
			</ftr>
			</ftr-list>
		</transaction>
		<transaction name="TF0068" type="EI">
			<ftr-list>
			<ftr name="DF0000">
				<det name="DET0004"/>
				<det name="DET0005"/>
				<det name="DET0028"/>
				<det name="DET0030"/>
				<det name="DET0044"/>
				<det name="DET0041"/>
				<det name="DET0042"/>
			</ftr>
			</ftr-list>
		</transaction>
		<transaction name="TF0069" type="EI" extraDET="3">
			<ftr-list>
			<ftr name="DF0000">
				<det name="DET0005"/>
				<det name="DET0029"/>
			</ftr>
			</ftr-list>
		</transaction>
		<transaction name="TF0070" type="EQ">
			<ftr-list>
			<ftr name="DF0000">
				<det name="DET0004"/>
				<det name="DET0046"/>
				<det name="DET0048"/>
			</ftr>
			</ftr-list>
		</transaction>
		<transaction name="TF0071" type="EI" extraDET="2">
			<ftr-list>
			<ftr name="DF0000">
				<det name="DET0046"/>
				<det name="DET0045"/>
				<det name="DET0004"/>
				<det name="DET0005"/>
			</ftr>
			</ftr-list>
		</transaction>
		<transaction name="TF0072" type="EI">
			<ftr-list>
			<ftr name="DF0000">
				<det name="DET0001"/>
				<det name="DET0006"/>
				<det name="DET0002"/>
				<det name="DET0004"/>
				<det name="DET0005"/>
				<det name="DET0021"/>
				<det name="DET0000"/>
				<det name="DET0032"/>
				<det name="DET0031"/>
			</ftr>
			</ftr-list>
		</transaction>
		<transaction name="TF0073" type="EI">
			<ftr-list>
			<ftr name="DF0000">
				<det name="DET0021"/>
			</ftr>
			</ftr-list>
		</transaction>
		<transaction name="TF0074" type="EI">
			<ftr-list>
			<ftr name="DF0000">
				<det name="DET0033"/>
			</ftr>
			</ftr-list>
		</transaction>
		<transaction name="TF0075" type="EI">
			<ftr-list>
			<ftr name="DF0000">
				<det name="DET0033"/>
				<det name="DET0001"/>
			</ftr>
			</ftr-list>
		</transaction>
		<transaction name="TF0076" type="EI">
			<ftr-list>
			<ftr name="DF0000">
				<det name="DET0033"/>
				<det name="DET0002"/>
				<det name="DET0006"/>
				<det name="DET0007"/>
				<det name="DET0009"/>
				<det name="DET0010"/>
				<det name="DET0011"/>
				<det name="DET0012"/>
				<det name="DET0013"/>
				<det name="DET0033"/>
				<det name="DET0040"/>
				<det name="DET0034"/>
				<det name="DET0035"/>
				<det name="DET0036"/>
				<det name="DET0037"/>
				<det name="DET0038"/>
				<det name="DET0020"/>
				<det name="DET0014"/>
				<det name="DET0015"/>
				<det name="DET0017"/>
				<det name="DET0018"/>
				<det name="DET0016"/>
				<det name="DET0008"/>
				<det name="DET0024"/>
				<det name="DET0021"/>
			</ftr>
			</ftr-list>
		</transaction>
		<transaction name="TF0077" type="EI">
			<ftr-list>
			<ftr name="DF0000">
				<det name="DET0033"/>
				<det name="DET0027"/>
				<det name="DET0026"/>
			</ftr>
			</ftr-list>
		</transaction>
		<transaction name="TF0078" type="EI">
			<ftr-list>
			<ftr name="DF0000">
				<det name="DET0033"/>
				<det name="DET0001"/>
			</ftr>
			</ftr-list>
		</transaction>
		<transaction name="TF0079" type="EI">
			<ftr-list>
			<ftr name="DF0000">
				<det name="DET0033"/>
				<det name="DET0002"/>
				<det name="DET0006"/>
				<det name="DET0007"/>
				<det name="DET0009"/>
				<det name="DET0010"/>
				<det name="DET0011"/>
				<det name="DET0012"/>
				<det name="DET0013"/>
				<det name="DET0034"/>
				<det name="DET0035"/>
				<det name="DET0036"/>
				<det name="DET0037"/>
				<det name="DET0038"/>
				<det name="DET0020"/>
				<det name="DET0014"/>
				<det name="DET0015"/>
				<det name="DET0017"/>
				<det name="DET0018"/>
				<det name="DET0016"/>
				<det name="DET0008"/>
				<det name="DET0024"/>
			</ftr>
			</ftr-list>
		</transaction>
		<transaction name="TF0080" type="EI">
			<ftr-list>
			<ftr name="DF0000">
				<det name="DET0033"/>
				<det name="DET0020"/>
				<det name="DET0014"/>
				<det name="DET0015"/>
			</ftr>
			</ftr-list>
		</transaction>
		<transaction name="TF0081" type="EI">
			<ftr-list>
			<ftr name="DF0000">
				<det name="DET0033"/>
				<det name="DET0020"/>
				<det name="DET0009"/>
				<det name="DET0010"/>
				<det name="DET0011"/>
				<det name="DET0012"/>
				<det name="DET0013"/>
				<det name="DET0016"/>
				<det name="DET0017"/>
				<det name="DET0018"/>
				<det name="DET0022"/>
				<det name="DET0023"/>
				<det name="DET0014"/>
				<det name="DET0015"/>
				<det name="DET0021"/>
			</ftr>
			</ftr-list>
		</transaction>
		<transaction name="TF0082" type="EI">
			<ftr-list>
			<ftr name="DF0000">
				<det name="DET0033"/>
				<det name="DET0027"/>
				<det name="DET0026"/>
			</ftr>
			</ftr-list>
		</transaction>
		<transaction name="TF0083" type="EI">
			<ftr-list>
			<ftr name="DF0000">
				<det name="DET0033"/>
				<det name="DET0001"/>
			</ftr>
			</ftr-list>
		</transaction>
		<transaction name="TF0084" type="EI">
			<ftr-list>
			<ftr name="DF0000">
				<det name="DET0033"/>
				<det name="DET0009"/>
				<det name="DET0010"/>
				<det name="DET0011"/>
				<det name="DET0012"/>
				<det name="DET0013"/>
				<det name="DET0016"/>
				<det name="DET0017"/>
				<det name="DET0018"/>
				<det name="DET0022"/>
				<det name="DET0023"/>
				<det name="DET0020"/>
				<det name="DET0014"/>
				<det name="DET0015"/>
			</ftr>
			</ftr-list>
		</transaction>
		<transaction name="TF0085" type="EI">
			<ftr-list>
			<ftr name="DF0000">
				<det name="DET0033"/>
				<det name="DET0020"/>
				<det name="DET0014"/>
				<det name="DET0015"/>
			</ftr>
			</ftr-list>
		</transaction>
		<transaction name="TF0086" type="EQ" extraDET="12">
			<ftr-list>
			<ftr name="DF0000">
				<det name="DET0002"/>
				<det name="DET0011"/>
				<det name="DET0012"/>
				<det name="DET0016"/>
				<det name="DET0007"/>
				<det name="DET0021"/>
				<det name="DET0006"/>
				<det name="DET0004"/>
			</ftr>
			</ftr-list>
		</transaction>
		<transaction name="TF0087" type="EI">
			<ftr-list>
			<ftr name="DF0000">
				<det name="DET0033"/>
				<det name="DET0002"/>
				<det name="DET0003"/>
				<det name="DET0004"/>
				<det name="DET0009"/>
				<det name="DET0010"/>
				<det name="DET0011"/>
				<det name="DET0012"/>
				<det name="DET0013"/>
				<det name="DET0016"/>
				<det name="DET0017"/>
				<det name="DET0018"/>
				<det name="DET0022"/>
				<det name="DET0023"/>
				<det name="DET0025"/>
				<det name="DET0019"/>
				<det name="DET0021"/>
				<det name="DET0020"/>
				<det name="DET0014"/>
				<det name="DET0015"/>
			</ftr>
			</ftr-list>
		</transaction>
		<transaction name="TF0088" type="EI">
			<ftr-list>
			<ftr name="DF0000">
				<det name="DET0033"/>
				<det name="DET0028"/>
			</ftr>
			</ftr-list>
		</transaction>
		<transaction name="TF0089" type="EI">
			<ftr-list>
			<ftr name="DF0000">
				<det name="DET0033"/>
				<det name="DET0028"/>
			</ftr>
			</ftr-list>
		</transaction>
		<transaction name="TF0090" type="EQ">
			<ftr-list>
			<ftr name="DF0000">
				<det name="DET0002"/>
				<det name="DET0033"/>
				<det name="DET0006"/>
			</ftr>
			</ftr-list>
		</transaction>
		<transaction name="TF0091" type="EI">
			<ftr-list>
			<ftr name="DF0001">
				<det name="DET0000"/>
				<det name="DET0001"/>
				<det name="DET0002"/>
				<det name="DET0004"/>
				<det name="DET0003"/>
				<det name="DET0005"/>
			</ftr>
			</ftr-list>
		</transaction>
		<transaction name="TF0092" type="EQ">
			<ftr-list>
			<ftr name="DF0001">
				<det name="DET0000"/>
				<det name="DET0002"/>
				<det name="DET0004"/>
				<det name="DET0003"/>
				<det name="DET0005"/>
			</ftr>
			</ftr-list>
		</transaction>
		<transaction name="TF0093" type="EQ" extraDET="6">
			<ftr-list>
			<ftr name="DF0015">
				<det name="DET0001"/>
				<det name="DET0002"/>
			</ftr>
			</ftr-list>
		</transaction>
		<transaction name="TF0094" type="EI">
			<ftr-list>
			<ftr name="DF0015">
				<det name="DET0011"/>
			</ftr>
			<ftr name="DF0000">
				<det name="DET0033"/>
				<det name="DET0021"/>
			</ftr>
			</ftr-list>
		</transaction>
		<transaction name="TF0095" type="EI">
			<ftr-list>
			<ftr name="DF0015">
				<det name="DET0011"/>
				<det name="DET0001"/>
				<det name="DET0002"/>
				<det name="DET0003"/>
				<det name="DET0004"/>
				<det name="DET0005"/>
				<det name="DET0006"/>
				<det name="DET0007"/>
				<det name="DET0008"/>
				<det name="DET0009"/>
				<det name="DET0010"/>
			</ftr>
			<ftr name="DF0000">
				<det name="DET0033"/>
				<det name="DET0021"/>
			</ftr>
			</ftr-list>
		</transaction>
		<transaction name="TF0096" type="EI">
			<ftr-list>
			<ftr name="DF0015">
				<det name="DET0011"/>
			</ftr>
			<ftr name="DF0000">
				<det name="DET0033"/>
				<det name="DET0021"/>
			</ftr>
			</ftr-list>
		</transaction>
		<transaction name="TF0097" type="EQ" extraDET="1">
			<ftr-list>
			<ftr name="DF0015">
				<det name="DET0011"/>
				<det name="DET0001"/>
				<det name="DET0002"/>
			</ftr>
			</ftr-list>
		</transaction>
		<transaction name="TF0098" type="EQ" extraDET="6">
			<ftr-list>
			<ftr name="DF0016">
				<det name="DET0001"/>
				<det name="DET0002"/>
			</ftr>
			</ftr-list>
		</transaction>
		<transaction name="TF0099" type="EI">
			<ftr-list>
			<ftr name="DF0016">
				<det name="DET0010"/>
			</ftr>
			<ftr name="DF0000">
				<det name="DET0033"/>
				<det name="DET0021"/>
			</ftr>
			</ftr-list>
		</transaction>
		<transaction name="TF0100" type="EI">
			<ftr-list>
			<ftr name="DF0016">
				<det name="DET0010"/>
				<det name="DET0001"/>
				<det name="DET0002"/>
				<det name="DET0003"/>
				<det name="DET0004"/>
				<det name="DET0005"/>
				<det name="DET0006"/>
				<det name="DET0007"/>
				<det name="DET0008"/>
				<det name="DET0009"/>
			</ftr>
			<ftr name="DF0000">
				<det name="DET0033"/>
				<det name="DET0021"/>
			</ftr>
			</ftr-list>
		</transaction>
		<transaction name="TF0101" type="EI">
			<ftr-list>
			<ftr name="DF0016">
				<det name="DET0010"/>
			</ftr>
			<ftr name="DF0000">
				<det name="DET0033"/>
				<det name="DET0021"/>
			</ftr>
			</ftr-list>
		</transaction>
		<transaction name="TF0102" type="EQ" extraDET="1">
			<ftr-list>
			<ftr name="DF0016">
				<det name="DET0010"/>
				<det name="DET0001"/>
				<det name="DET0002"/>
			</ftr>
			</ftr-list>
		</transaction>
		<transaction name="TF0103" type="EO" extraDET="1">
			<ftr-list>
			<ftr name="DF0011">
				<det name="DET0001"/>
				<det name="DET0008"/>
				<det name="DET0010"/>
				<det name="DET0017"/>
				<det name="DET0011"/>
				<det name="DET0014"/>
				<det name="DET0012"/>
			</ftr>
			<ftr name="DF0021">
				<det name="DET0000"/>
				<det name="DET0001"/>
				<det name="DET0002"/>
			</ftr>
			<ftr name="DF0000">
				<det name="DET0033"/>
				<det name="DET0021"/>
			</ftr>
			</ftr-list>
		</transaction>
		<transaction name="TF0104" type="EO" extraDET="1">
			<ftr-list>
			<ftr name="DF0011">
				<det name="DET0001"/>
				<det name="DET0008"/>
				<det name="DET0010"/>
				<det name="DET0017"/>
				<det name="DET0011"/>
				<det name="DET0014"/>
				<det name="DET0012"/>
			</ftr>
			<ftr name="DF0000">
				<det name="DET0033"/>
				<det name="DET0021"/>
			</ftr>
			</ftr-list>
		</transaction>
		<transaction name="TF0105" type="EO" extraDET="1">
			<ftr-list>
			<ftr name="DF0011">
				<det name="DET0001"/>
				<det name="DET0008"/>
				<det name="DET0010"/>
				<det name="DET0017"/>
				<det name="DET0011"/>
				<det name="DET0014"/>
				<det name="DET0012"/>
			</ftr>
			<ftr name="DF0000">
				<det name="DET0033"/>
				<det name="DET0021"/>
			</ftr>
			</ftr-list>
		</transaction>
		<transaction name="TF0106" type="EI">
			<ftr-list>
			<ftr name="DF0021">
				<det name="DET0000"/>
				<det name="DET0001"/>
				<det name="DET0002"/>
			</ftr>
			<ftr name="DF0011">
				<det name="DET0001"/>
				<det name="DET0008"/>
				<det name="DET0010"/>
				<det name="DET0017"/>
				<det name="DET0011"/>
				<det name="DET0014"/>
				<det name="DET0009"/>
				<det name="DET0012"/>
				<det name="DET0013"/>
				<det name="DET0015"/>
			</ftr>
			<ftr name="DF0000">
				<det name="DET0033"/>
				<det name="DET0021"/>
			</ftr>
			</ftr-list>
		</transaction>
		<transaction name="TF0107" type="EQ" extraDET="5">
			<ftr-list>
				<ftr name="DF0017">
					<det name="DET0000"/>
					<det name="DET0001"/>
					<det name="DET0002"/>
					<det name="DET0003"/>
					<det name="DET0007"/>
				</ftr>
				<ftr name="DF0019">
					<det name="DET0000"/>
					<det name="DET0001"/>
					<det name="DET0002"/>
					<det name="DET0003"/>
					<det name="DET0006"/>
					<det name="DET0007"/>
					<det name="DET0008"/>
					<det name="DET0009"/>
					<det name="DET0010"/>
					<det name="DET0011"/>
					<det name="DET0012"/>
					<det name="DET0013"/>
					<det name="DET0014"/>
					<det name="DET0015"/>
					<det name="DET0016"/>
					<det name="DET0017"/>
					<det name="DET0018"/>
					<det name="DET0019"/>
					<det name="DET0020"/>
					<det name="DET0021"/>
					<det name="DET0000"/>
				</ftr>
				<ftr name="DF0000">
					<det name="DET0007"/>
					<det name="DET0007"/>
				</ftr>
				<ftr name="DF0018">
					<det name="DET0001"/>
					<det name="DET0002"/>
					<det name="DET0003"/>
					<det name="DET0004"/>
				</ftr>
				<ftr name="DF0016">
					<det name="DET0010"/>
				</ftr>
				<ftr name="DF0020">
					<det name="DET0000"/>
					<det name="DET0001"/>
					<det name="DET0002"/>
				</ftr>
			</ftr-list>
		</transaction>
		<transaction name="TF0108" type="EQ" extraDET="3">
			<ftr-list>
				<ftr name="DF0017">
					<det name="DET0000"/>
					<det name="DET0001"/>
					<det name="DET0002"/>
					<det name="DET0003"/>
					<det name="DET0007"/>
				</ftr>
				<ftr name="DF0019">
					<det name="DET0000"/>
					<det name="DET0001"/>
					<det name="DET0002"/>
					<det name="DET0003"/>
					<det name="DET0006"/>
					<det name="DET0007"/>
					<det name="DET0008"/>
					<det name="DET0009"/>
					<det name="DET0010"/>
					<det name="DET0011"/>
					<det name="DET0012"/>
					<det name="DET0013"/>
					<det name="DET0014"/>
					<det name="DET0015"/>
					<det name="DET0016"/>
					<det name="DET0017"/>
					<det name="DET0018"/>
					<det name="DET0019"/>
					<det name="DET0020"/>
					<det name="DET0021"/>
					<det name="DET0000"/>
				</ftr>
				<ftr name="DF0000">
					<det name="DET0007"/>
					<det name="DET0007"/>
				</ftr>
				<ftr name="DF0018">
					<det name="DET0001"/>
					<det name="DET0002"/>
					<det name="DET0003"/>
					<det name="DET0004"/>
				</ftr>
				<ftr name="DF0016">
					<det name="DET0010"/>
				</ftr>
				<ftr name="DF0020">
					<det name="DET0000"/>
					<det name="DET0001"/>
					<det name="DET0002"/>
				</ftr>
			</ftr-list>
		</transaction>
		<transaction name="TF0109" type="EI" extraDET="1">
			<ftr-list>
				<ftr name="DF0000">
					<det name="DET0033"/>
					<det name="DET0021"/>
				</ftr>
			</ftr-list>
		</transaction>
		<transaction name="TF0110" type="EI" extraDET="1">
			<ftr-list>
				<ftr name="DF0000">
					<det name="DET0033"/>
					<det name="DET0021"/>
				</ftr>
			</ftr-list>
		</transaction>
		<transaction name="TF0111" type="EI">
			<ftr-list>
				<ftr name="DF0014">
					<det name="DET0000"/>
					<det name="DET0001"/>
					<det name="DET0002"/>
					<det name="DET0003"/>
					<det name="DET0005"/>
					<det name="DET0004"/>
					<det name="DET0008"/>
					<det name="DET0006"/>
					<det name="DET0007"/>
					<det name="DET0009"/>
					<det name="DET0010"/>
					<det name="DET0011"/>
					<det name="DET0012"/>
					<det name="DET0013"/>
					<det name="DET0014"/>
					<det name="DET0015"/>
					<det name="DET0016"/>
					<det name="DET0017"/>
				</ftr>
				<ftr name="DF0003">
					<det name="DET0000"/>
					<det name="DET0001"/>
					<det name="DET0005"/>
					<det name="DET0004"/>
				</ftr>
				<ftr name="DF0000">
					<det name="DET0009"/>
					<det name="DET0010"/>
					<det name="DET0011"/>
					<det name="DET0012"/>
					<det name="DET0013"/>
				</ftr>
			</ftr-list>
		</transaction>
		<transaction name="TF0112" type="EQ" extraDET="4">
		</transaction>
		<transaction name="TF0113" type="EQ" extraDET="4">
			<ftr-list>
				<ftr name="DF0017">
					<det name="DET0000"/>
					<det name="DET0001"/>
					<det name="DET0002"/>
					<det name="DET0003"/>
					<det name="DET0004"/>
					<det name="DET0007"/>
				</ftr>
				<ftr name="DF0000">
					<det name="DET0033"/>
					<det name="DET0021"/>
				</ftr>
			</ftr-list>
		</transaction>
		<transaction name="TF0114" type="EI" extraDET="1">
			<ftr-list>
				<ftr name="DF0017">
					<det name="DET0000"/>
					<det name="DET0002"/>
					<det name="DET0003"/>
					<det name="DET0004"/>
					<det name="DET0005"/>
					<det name="DET0006"/>
					<det name="DET0007"/>
				</ftr>
				<ftr name="DF0000">
					<det name="DET0033"/>
					<det name="DET0021"/>
				</ftr>
				<ftr name="DF0011">
					<det name="DET0001"/>
					<det name="DET0008"/>
					<det name="DET0010"/>
					<det name="DET0017"/>
					<det name="DET0011"/>
					<det name="DET0014"/>
					<det name="DET0012"/>
				</ftr>
			</ftr-list>
		</transaction>
		<transaction name="TF0115" type="EI" extraDET="1">
			<ftr-list>
				<ftr name="DF0000">
					<det name="DET0033"/>
					<det name="DET0021"/>
				</ftr>
				<ftr name="DF0011">
					<det name="DET0001"/>
					<det name="DET0008"/>
					<det name="DET0010"/>
					<det name="DET0017"/>
					<det name="DET0011"/>
					<det name="DET0014"/>
					<det name="DET0012"/>
				</ftr>
			</ftr-list>
		</transaction>
		<transaction name="TF0116" type="EQ" extraDET="4">
			<ftr-list>
				<ftr name="DF0020">
					<det name="DET0000"/>
					<det name="DET0001"/>
					<det name="DET0002"/>
				</ftr>
				<ftr name="DF0000">
					<det name="DET0033"/>
					<det name="DET0021"/>
				</ftr>
			</ftr-list>
		</transaction>
		<transaction name="TF0117" type="EI">
			<ftr-list>
				<ftr name="DF0020">
					<det name="DET0001"/>
					<det name="DET0002"/>
					<det name="DET0000"/>
					<det name="DET0003"/>
					<det name="DET0004"/>
				</ftr>
				<ftr name="DF0000">
					<det name="DET0033"/>
					<det name="DET0021"/>
				</ftr>
				<ftr name="DF0011">
					<det name="DET0001"/>
					<det name="DET0008"/>
					<det name="DET0010"/>
					<det name="DET0017"/>
					<det name="DET0011"/>
					<det name="DET0014"/>
					<det name="DET0012"/>
				</ftr>
			</ftr-list>
		</transaction>
		<transaction name="TF0118" type="EI" extraDET="1">
			<ftr-list>
				<ftr name="DF0000">
					<det name="DET0033"/>
					<det name="DET0021"/>
				</ftr>
				<ftr name="DF0011">
					<det name="DET0001"/>
					<det name="DET0008"/>
					<det name="DET0010"/>
					<det name="DET0017"/>
					<det name="DET0011"/>
					<det name="DET0014"/>
					<det name="DET0012"/>
				</ftr>
			</ftr-list>
		</transaction>
		<transaction name="TF0119" type="EQ" extraDET="5">
			<ftr-list>
				<ftr name="DF0018">
					<det name="DET0000"/>
					<det name="DET0001"/>
					<det name="DET0002"/>
					<det name="DET0003"/>
					<det name="DET0004"/>
				</ftr>
				<ftr name="DF0016">
					<det name="DET0000"/>
					<det name="DET0002"/>
				</ftr>
				<ftr name="DF0000">
					<det name="DET0033"/>
					<det name="DET0021"/>
				</ftr>
			</ftr-list>
		</transaction>
		<transaction name="TF0120" type="EI">
			<ftr-list>
				<ftr name="DF0018">
					<det name="DET0001"/>
					<det name="DET0003"/>
					<det name="DET0004"/>
					<det name="DET0005"/>
					<det name="DET0006"/>
					<det name="DET0007"/>
					<det name="DET0008"/>
				</ftr>
				<ftr name="DF0016">
					<det name="DET0000"/>
					<det name="DET0002"/>
				</ftr>
				<ftr name="DF0000">
					<det name="DET0033"/>
					<det name="DET0021"/>
				</ftr>
				<ftr name="DF0011">
					<det name="DET0001"/>
					<det name="DET0008"/>
					<det name="DET0010"/>
					<det name="DET0017"/>
					<det name="DET0011"/>
					<det name="DET0014"/>
					<det name="DET0012"/>
				</ftr>
			</ftr-list>
		</transaction>
		<transaction name="TF0121" type="EI">
			<ftr-list>
				<ftr name="DF0018">
					<det name="DET0009"/>
				</ftr>
				<ftr name="DF0000">
					<det name="DET0033"/>
					<det name="DET0021"/>
				</ftr>
				<ftr name="DF0011">
					<det name="DET0001"/>
					<det name="DET0008"/>
					<det name="DET0010"/>
					<det name="DET0017"/>
					<det name="DET0011"/>
					<det name="DET0014"/>
					<det name="DET0012"/>
				</ftr>
			</ftr-list>
		</transaction>
		<transaction name="TF0122" type="EQ" extraDET="6">
			<ftr-list>
				<ftr name="DF0019">
					<det name="DET0000"/>
					<det name="DET0001"/>
					<det name="DET0002"/>
					<det name="DET0003"/>
					<det name="DET0004"/>
					<det name="DET0007"/>
					<det name="DET0008"/>
					<det name="DET0009"/>
					<det name="DET0010"/>
					<det name="DET0011"/>
					<det name="DET0012"/>
					<det name="DET0013"/>
					<det name="DET0014"/>
					<det name="DET0015"/>
					<det name="DET0016"/>
					<det name="DET0017"/>
					<det name="DET0018"/>
					<det name="DET0019"/>
					<det name="DET0020"/>
					<det name="DET0021"/>
				</ftr>
				<ftr name="DF0000">
					<det name="DET0033"/>
					<det name="DET0021"/>
				</ftr>
			</ftr-list>
		</transaction>
		<transaction name="TF0123" type="EI">
			<ftr-list>
				<ftr name="DF0019">
					<det name="DET0001"/>
					<det name="DET0000"/>
					<det name="DET0002"/>
					<det name="DET0003"/>
					<det name="DET0004"/>
					<det name="DET0005"/>
					<det name="DET0007"/>
					<det name="DET0008"/>
					<det name="DET0009"/>
					<det name="DET0010"/>
					<det name="DET0011"/>
					<det name="DET0012"/>
					<det name="DET0013"/>
					<det name="DET0014"/>
					<det name="DET0015"/>
					<det name="DET0016"/>
					<det name="DET0017"/>
					<det name="DET0018"/>
					<det name="DET0019"/>
					<det name="DET0020"/>
					<det name="DET0021"/>
					<det name="DET0006"/>
					<det name="DET0022"/>
				</ftr>
				<ftr name="DF0015">
					<det name="DET0000"/>
					<det name="DET0002"/>
				</ftr>
				<ftr name="DF0000">
					<det name="DET0033"/>
					<det name="DET0021"/>
				</ftr>
				<ftr name="DF0011">
					<det name="DET0001"/>
					<det name="DET0008"/>
					<det name="DET0010"/>
					<det name="DET0017"/>
					<det name="DET0011"/>
					<det name="DET0014"/>
					<det name="DET0012"/>
				</ftr>
			</ftr-list>
		</transaction>
		<transaction name="TF0124" type="EI">
			<ftr-list>
				<ftr name="DF0019">
					<det name="DET0023"/>
				</ftr>
				<ftr name="DF0000">
					<det name="DET0033"/>
					<det name="DET0021"/>
				</ftr>
				<ftr name="DF0011">
					<det name="DET0001"/>
					<det name="DET0008"/>
					<det name="DET0010"/>
					<det name="DET0017"/>
					<det name="DET0011"/>
					<det name="DET0014"/>
					<det name="DET0012"/>
				</ftr>
			</ftr-list>
		</transaction>
		<transaction name="TF0125" type="EQ" extraDET="4">
			<ftr-list>
				<ftr name="DF0011">
					<det name="DET0001"/>
					<det name="DET0008"/>
					<det name="DET0010"/>
					<det name="DET0017"/>
					<det name="DET0011"/>
					<det name="DET0012"/>
					<det name="DET0013"/>
					<det name="DET0014"/>
					<det name="DET0015"/>
				</ftr>
			</ftr-list>
		</transaction>
		<transaction name="TF0126" type="EI">
			<ftr-list>
				<ftr name="DF0011">
					<det name="DET0001"/>
					<det name="DET0008"/>
					<det name="DET0010"/>
					<det name="DET0017"/>
					<det name="DET0011"/>
					<det name="DET0012"/>
					<det name="DET0013"/>
					<det name="DET0014"/>
					<det name="DET0015"/>
				</ftr>
			</ftr-list>
		</transaction>
		<transaction name="TF0127" type="EI">
			<ftr-list>
				<ftr name="DF0011">
					<det name="DET0001"/>
					<det name="DET0008"/>
					<det name="DET0010"/>
					<det name="DET0017"/>
					<det name="DET0011"/>
					<det name="DET0012"/>
					<det name="DET0013"/>
					<det name="DET0014"/>
					<det name="DET0015"/>
				</ftr>
			</ftr-list>
		</transaction>
		<transaction name="TF0128" type="EQ">
			<ftr-list>
				<ftr name="DF0011">
					<det name="DET0001"/>
					<det name="DET0002"/>
					<det name="DET0003"/>
					<det name="DET0004"/>
					<det name="DET0005"/>
					<det name="DET0006"/>
					<det name="DET0000"/>
				</ftr>
			</ftr-list>
		</transaction>
		<transaction name="TF0129" type="EO">
			<ftr-list>
				<ftr name="DF0011">
					<det name="DET0001"/>
				</ftr>
				<ftr name="DF0012">
					<det name="DET0001"/>
					<det name="DET0002"/>
					<det name="DET0003"/>
					<det name="DET0004"/>
					<det name="DET0005"/>
				</ftr>
				<ftr name="DF0013">
					<det name="DET0001"/>
					<det name="DET0002"/>
					<det name="DET0003"/>
					<det name="DET0004"/>
					<det name="DET0005"/>
				</ftr>
			</ftr-list>
		</transaction>
		<transaction name="TF0130" type="EI">
			<ftr-list>
				<ftr name="DF0011">
					<det name="DET0001"/>
					<det name="DET0007"/>
					<det name="DET0004"/>
				</ftr>
				<ftr name="DF0013">
					<det name="DET0002"/>
					<det name="DET0003"/>
					<det name="DET0004"/>
					<det name="DET0000"/>
				</ftr>
				<ftr name="DF0000">
					<det name="DET0033"/>
					<det name="DET0021"/>
				</ftr>
			</ftr-list>
		</transaction>
		<transaction name="TF0131" type="EI">
			<ftr-list>
				<ftr name="DF0011">
					<det name="DET0001"/>
					<det name="DET0007"/>
					<det name="DET0004"/>
				</ftr>
				<ftr name="DF0012">
					<det name="DET0002"/>
					<det name="DET0003"/>
					<det name="DET0004"/>
					<det name="DET0000"/>
				</ftr>
				<ftr name="DF0000">
					<det name="DET0033"/>
					<det name="DET0021"/>
				</ftr>
			</ftr-list>
		</transaction>
		<transaction name="TF0132" type="EI">
			<ftr-list>
				<ftr name="DF0013">
					<det name="DET0008"/>
				</ftr>
				<ftr name="DF0000">
					<det name="DET0033"/>
					<det name="DET0021"/>
				</ftr>
			</ftr-list>
		</transaction>
		<transaction name="TF0133" type="EI">
			<ftr-list>
				<ftr name="DF0012">
					<det name="DET0006"/>
				</ftr>
				<ftr name="DF0000">
					<det name="DET0033"/>
					<det name="DET0021"/>
				</ftr>
			</ftr-list>
		</transaction>
		<transaction name="TF0134" type="EQ">
			<ftr-list>
				<ftr name="DF0011">
					<det name="DET0001"/>
				</ftr>
				<ftr name="DF0013">
					<det name="DET0001"/>
					<det name="DET0002"/>
					<det name="DET0003"/>
					<det name="DET0004"/>
					<det name="DET0005"/>
				</ftr>
			</ftr-list>
		</transaction>
		<transaction name="TF0135" type="EQ">
			<ftr-list>
				<ftr name="DF0011">
					<det name="DET0001"/>
				</ftr>
				<ftr name="DF0012">
					<det name="DET0001"/>
					<det name="DET0002"/>
					<det name="DET0003"/>
					<det name="DET0004"/>
					<det name="DET0005"/>
				</ftr>
			</ftr-list>
		</transaction>
		<transaction name="TF0136" type="EQ">
			<ftr-list>
				<ftr name="DF0011">
					<det name="DET0001"/>
				</ftr>
				<ftr name="DF0013">
					<det name="DET0001"/>
					<det name="DET0002"/>
					<det name="DET0003"/>
					<det name="DET0004"/>
					<det name="DET0005"/>
				</ftr>
				<ftr name="DF0000">
					<det name="DET0033"/>
				</ftr>
			</ftr-list>
		</transaction>
		<transaction name="TF0137" type="EQ">
			<ftr-list>
				<ftr name="DF0011">
					<det name="DET0001"/>
				</ftr>
				<ftr name="DF0012">
					<det name="DET0001"/>
					<det name="DET0002"/>
					<det name="DET0003"/>
					<det name="DET0004"/>
					<det name="DET0005"/>
				</ftr>
				<ftr name="DF0000">
					<det name="DET0033"/>
				</ftr>
			</ftr-list>
		</transaction>
		<transaction name="TF0138" type="EQ">
			<ftr-list>
				<ftr name="DF0011">
					<det name="DET0001"/>
				</ftr>
				<ftr name="DF0013">
					<det name="DET0001"/>
					<det name="DET0002"/>
					<det name="DET0003"/>
					<det name="DET0004"/>
					<det name="DET0005"/>
				</ftr>
			</ftr-list>
		</transaction>
		<transaction name="TF0139" type="EQ">
			<ftr-list>
				<ftr name="DF0011">
					<det name="DET0001"/>
				</ftr>
				<ftr name="DF0012">
					<det name="DET0001"/>
					<det name="DET0002"/>
					<det name="DET0003"/>
					<det name="DET0004"/>
					<det name="DET0005"/>
				</ftr>
			</ftr-list>
		</transaction>
		<transaction name="TF0140" type="EQ">
			<ftr-list>
				<ftr name="DF0011">
					<det name="DET0001"/>
				</ftr>
				<ftr name="DF0013">
					<det name="DET0001"/>
					<det name="DET0002"/>
					<det name="DET0003"/>
					<det name="DET0004"/>
					<det name="DET0005"/>
					<det name="DET0006"/>
					<det name="DET0007"/>
				</ftr>
			</ftr-list>
		</transaction>
		<transaction name="TF0141" type="EQ">
			<ftr-list>
				<ftr name="DF0011">
					<det name="DET0001"/>
				</ftr>
				<ftr name="DF0013">
					<det name="DET0001"/>
					<det name="DET0002"/>
					<det name="DET0003"/>
					<det name="DET0004"/>
					<det name="DET0005"/>
					<det name="DET0006"/>
					<det name="DET0007"/>
				</ftr>
			</ftr-list>
		</transaction>
		<transaction name="TF0142" type="EO">
			<ftr-list>
				<ftr name="DF0011">
					<det name="DET0001"/>
					<det name="DET0008"/>
					<det name="DET0010"/>
					<det name="DET0017"/>
					<det name="DET0011"/>
					<det name="DET0014"/>
				</ftr>
			</ftr-list>
		</transaction>
		<transaction name="TF0143" type="EO">
			<ftr-list>
				<ftr name="DF0011">
					<det name="DET0001"/>
					<det name="DET0008"/>
					<det name="DET0010"/>
					<det name="DET0017"/>
					<det name="DET0011"/>
					<det name="DET0014"/>
				</ftr>
			</ftr-list>
		</transaction>
		<transaction name="TF0144" type="EQ" extraDET="6">
			<ftr-list>
				<ftr name="DF0025">
					<det name="DET0001"/>
					<det name="DET0002"/>
					<det name="DET0010"/>
				</ftr>
				<ftr name="DF0000">
					<det name="DET0033"/>
					<det name="DET0021"/>
				</ftr>
			</ftr-list>
		</transaction>
		<transaction name="TF0145" type="EI">
			<ftr-list>
				<ftr name="DF0025">
					<det name="DET0010"/>
				</ftr>
				<ftr name="DF0000">
					<det name="DET0033"/>
					<det name="DET0021"/>
				</ftr>
			</ftr-list>
		</transaction>
		<transaction name="TF0146" type="EI">
			<ftr-list>
				<ftr name="DF0025">
					<det name="DET0010"/>
					<det name="DET0001"/>
					<det name="DET0002"/>
					<det name="DET0003"/>
					<det name="DET0004"/>
					<det name="DET0005"/>
					<det name="DET0006"/>
					<det name="DET0007"/>
					<det name="DET0008"/>
					<det name="DET0009"/>
					<det name="DET0000"/>
				</ftr>
				<ftr name="DF0000">
					<det name="DET0033"/>
					<det name="DET0021"/>
				</ftr>
			</ftr-list>
		</transaction>
		<transaction name="TF0147" type="EI">
			<ftr-list>
				<ftr name="DF0025">
					<det name="DET0010"/>
				</ftr>
				<ftr name="DF0000">
					<det name="DET0033"/>
					<det name="DET0021"/>
				</ftr>
			</ftr-list>
		</transaction>
		<transaction name="TF0148" type="EQ" extraDET="7">
			<ftr-list>
				<ftr name="DF0000">
					<det name="DET0033"/>
					<det name="DET0021"/>
					<det name="DET0033"/>
					<det name="DET0021"/>
				</ftr>
				<ftr name="DF0026">
					<det name="DET0001"/>
					<det name="DET0003"/>
					<det name="DET0007"/>
				</ftr>
				<ftr name="DF0024">
					<det name="DET0002"/>
				</ftr>
			</ftr-list>
		</transaction>
		<transaction name="TF0149" type="EI">
			<ftr-list>
				<ftr name="DF0026">
					<det name="DET0001"/>
					<det name="DET0002"/>
					<det name="DET0000"/>
					<det name="DET0003"/>
					<det name="DET0004"/>
					<det name="DET0005"/>
				</ftr>
				<ftr name="DF0024">
					<det name="DET0002"/>
				</ftr>
				<ftr name="DF0000">
					<det name="DET0033"/>
					<det name="DET0021"/>
				</ftr>
				<ftr name="DF0011">
					<det name="DET0001"/>
					<det name="DET0008"/>
					<det name="DET0010"/>
					<det name="DET0017"/>
					<det name="DET0011"/>
					<det name="DET0014"/>
					<det name="DET0012"/>
				</ftr>
			</ftr-list>
		</transaction>
		<transaction name="TF0150" type="EI">
			<ftr-list>
				<ftr name="DF0026">
					<det name="DET0007"/>
					<det name="DET0006"/>
				</ftr>
				<ftr name="DF0000">
					<det name="DET0033"/>
					<det name="DET0021"/>
				</ftr>
				<ftr name="DF0011">
					<det name="DET0001"/>
					<det name="DET0008"/>
					<det name="DET0010"/>
					<det name="DET0017"/>
					<det name="DET0011"/>
					<det name="DET0014"/>
					<det name="DET0012"/>
				</ftr>
			</ftr-list>
		</transaction>
		<transaction name="TF0151" type="EQ" extraDET="4">
			<ftr-list>
				<ftr name="DF0027">
					<det name="DET0001"/>
					<det name="DET0002"/>
					<det name="DET0000"/>
				</ftr>
				<ftr name="DF0000">
					<det name="DET0033"/>
					<det name="DET0021"/>
				</ftr>
			</ftr-list>
		</transaction>
		<transaction name="TF0152" type="EI">
			<ftr-list>
				<ftr name="DF0027">
					<det name="DET0001"/>
					<det name="DET0002"/>
					<det name="DET0000"/>
					<det name="DET0004"/>
				</ftr>
				<ftr name="DF0000">
					<det name="DET0033"/>
					<det name="DET0021"/>
				</ftr>
				<ftr name="DF0011">
					<det name="DET0001"/>
					<det name="DET0008"/>
					<det name="DET0010"/>
					<det name="DET0017"/>
					<det name="DET0011"/>
					<det name="DET0014"/>
					<det name="DET0012"/>
				</ftr>
			</ftr-list>
		</transaction>
		<transaction name="TF0153" type="EI">
			<ftr-list>
				<ftr name="DF0027">
					<det name="DET0004"/>
					<det name="DET0003"/>
				</ftr>
				<ftr name="DF0000">
					<det name="DET0033"/>
					<det name="DET0021"/>
				</ftr>
				<ftr name="DF0011">
					<det name="DET0001"/>
					<det name="DET0008"/>
					<det name="DET0010"/>
					<det name="DET0017"/>
					<det name="DET0011"/>
					<det name="DET0014"/>
					<det name="DET0012"/>
				</ftr>
			</ftr-list>
		</transaction>
		<transaction name="TF0154" type="EQ" extraDET="4">
			<ftr-list>
				<ftr name="DF0037">
					<det name="DET0001"/>
					<det name="DET0002"/>
					<det name="DET0000"/>
				</ftr>
				<ftr name="DF0000">
					<det name="DET0033"/>
					<det name="DET0021"/>
				</ftr>
			</ftr-list>
		</transaction>
		<transaction name="TF0155" type="EI">
			<ftr-list>
				<ftr name="DF0037">
					<det name="DET0001"/>
					<det name="DET0002"/>
					<det name="DET0004"/>
					<det name="DET0000"/>
				</ftr>
				<ftr name="DF0000">
					<det name="DET0033"/>
					<det name="DET0021"/>
				</ftr>
				<ftr name="DF0011">
					<det name="DET0001"/>
					<det name="DET0008"/>
					<det name="DET0010"/>
					<det name="DET0017"/>
					<det name="DET0011"/>
					<det name="DET0014"/>
					<det name="DET0012"/>
				</ftr>
			</ftr-list>
		</transaction>
		<transaction name="TF0156" type="EI" extraDET="1">
			<ftr-list>
				<ftr name="DF0000">
					<det name="DET0033"/>
					<det name="DET0021"/>
				</ftr>
				<ftr name="DF0011">
					<det name="DET0001"/>
					<det name="DET0008"/>
					<det name="DET0010"/>
					<det name="DET0017"/>
					<det name="DET0011"/>
					<det name="DET0014"/>
					<det name="DET0012"/>
				</ftr>
				<ftr name="DF0037">
					<det name="DET0003"/>
				</ftr>
			</ftr-list>
		</transaction>
		<transaction name="TF0157" type="EQ" extraDET="6">
			<ftr-list>
				<ftr name="DF0024">
					<det name="DET0010"/>
					<det name="DET0001"/>
					<det name="DET0002"/>
				</ftr>
				<ftr name="DF0000">
					<det name="DET0033"/>
					<det name="DET0021"/>
				</ftr>
			</ftr-list>
		</transaction>
		<transaction name="TF0158" type="EI" extraDET="1">
			<ftr-list>
				<ftr name="DF0000">
					<det name="DET0033"/>
					<det name="DET0021"/>
				</ftr>
			</ftr-list>
		</transaction>
		<transaction name="TF0159" type="EI">
			<ftr-list>
				<ftr name="DF0024">
					<det name="DET0010"/>
					<det name="DET0001"/>
					<det name="DET0002"/>
					<det name="DET0003"/>
					<det name="DET0004"/>
					<det name="DET0005"/>
					<det name="DET0006"/>
					<det name="DET0007"/>
					<det name="DET0008"/>
					<det name="DET0009"/>
					<det name="DET0000"/>
				</ftr>
				<ftr name="DF0000">
					<det name="DET0033"/>
					<det name="DET0021"/>
				</ftr>
			</ftr-list>
		</transaction>
		<transaction name="TF0160" type="EI">
			<ftr-list>
				<ftr name="DF0024">
					<det name="DET0010"/>
				</ftr>
				<ftr name="DF0000">
					<det name="DET0033"/>
					<det name="DET0021"/>
				</ftr>
			</ftr-list>
		</transaction>
		<transaction name="TF0161" type="EI" extraDET="1">
			<ftr-list>
				<ftr name="DF0022">
					<det name="DET0001"/>
				</ftr>
				<ftr name="DF0000">
					<det name="DET0033"/>
					<det name="DET0021"/>
				</ftr>
			</ftr-list>
		</transaction>
		<transaction name="TF0162" type="EI" extraDET="1">
			<ftr-list>
				<ftr name="DF0022">
					<det name="DET0001"/>
				</ftr>
				<ftr name="DF0000">
					<det name="DET0033"/>
					<det name="DET0021"/>
				</ftr>
			</ftr-list>
		</transaction>
		<transaction name="TF0163" type="EI">
			<ftr-list>
				<ftr name="DF0022">
					<det name="DET0001"/>
					<det name="DET0002"/>
					<det name="DET0003"/>
					<det name="DET0004"/>
					<det name="DET0000"/>
				</ftr>
				<ftr name="DF0000">
					<det name="DET0033"/>
					<det name="DET0021"/>
				</ftr>
			</ftr-list>
		</transaction>
		<transaction name="TF0164" type="EI">
			<ftr-list>
				<ftr name="DF0023">
					<det name="DET0001"/>
					<det name="DET0002"/>
					<det name="DET0003"/>
					<det name="DET0004"/>
					<det name="DET0005"/>
					<det name="DET0006"/>
					<det name="DET0007"/>
					<det name="DET0008"/>
					<det name="DET0009"/>
					<det name="DET0010"/>
					<det name="DET0011"/>
					<det name="DET0012"/>
					<det name="DET0000"/>
				</ftr>
				<ftr name="DF0003">
					<det name="DET0001"/>
					<det name="DET0000"/>
					<det name="DET0005"/>
					<det name="DET0004"/>
				</ftr>
				<ftr name="DF0000">
					<det name="DET0033"/>
					<det name="DET0021"/>
				</ftr>
			</ftr-list>
		</transaction>
		<transaction name="TF0165" type="EQ">
			<ftr-list>
				<ftr name="DF0022">
					<det name="DET0000"/>
					<det name="DET0001"/>
					<det name="DET0002"/>
					<det name="DET0003"/>
					<det name="DET0004"/>
				</ftr>
				<ftr name="DF0023">
					<det name="DET0000"/>
					<det name="DET0001"/>
					<det name="DET0002"/>
					<det name="DET0003"/>
					<det name="DET0004"/>
					<det name="DET0005"/>
					<det name="DET0006"/>
					<det name="DET0007"/>
					<det name="DET0008"/>
					<det name="DET0009"/>
					<det name="DET0010"/>
					<det name="DET0011"/>
					<det name="DET0012"/>
				</ftr>
				<ftr name="DF0000">
					<det name="DET0033"/>
					<det name="DET0021"/>
				</ftr>
			</ftr-list>
		</transaction>
		<transaction name="TF0166" type="EQ" extraDET="4">
			<ftr-list>
				<ftr name="DF0036">
					<det name="DET0001"/>
					<det name="DET0000"/>
					<det name="DET0002"/>
				</ftr>
				<ftr name="DF0000">
					<det name="DET0033"/>
					<det name="DET0021"/>
				</ftr>
			</ftr-list>
		</transaction>
		<transaction name="TF0167" type="EI">
			<ftr-list>
				<ftr name="DF0036">
					<det name="DET0001"/>
					<det name="DET0002"/>
					<det name="DET0000"/>
				</ftr>
				<ftr name="DF0000">
					<det name="DET0033"/>
					<det name="DET0021"/>
				</ftr>
				<ftr name="DF0011">
					<det name="DET0001"/>
					<det name="DET0008"/>
					<det name="DET0010"/>
					<det name="DET0017"/>
					<det name="DET0011"/>
					<det name="DET0014"/>
					<det name="DET0012"/>
				</ftr>
			</ftr-list>
		</transaction>
		<transaction name="TF0168" type="EI">
			<ftr-list>
				<ftr name="DF0036">
					<det name="DET0004"/>
					<det name="DET0003"/>
				</ftr>
				<ftr name="DF0000">
					<det name="DET0033"/>
					<det name="DET0021"/>
				</ftr>
				<ftr name="DF0011">
					<det name="DET0001"/>
					<det name="DET0008"/>
					<det name="DET0010"/>
					<det name="DET0017"/>
					<det name="DET0011"/>
					<det name="DET0014"/>
					<det name="DET0012"/>
				</ftr>
			</ftr-list>
		</transaction>
		<transaction name="TF0169" type="EQ" extraDET="4">
			<ftr-list>
				<ftr name="DF0032">
					<det name="DET0001"/>
					<det name="DET0000"/>
					<det name="DET0002"/>
					<det name="DET0003"/>
				</ftr>
				<ftr name="DF0000">
					<det name="DET0033"/>
					<det name="DET0021"/>
				</ftr>
			</ftr-list>
		</transaction>
		<transaction name="TF0170" type="EI">
			<ftr-list>
				<ftr name="DF0032">
					<det name="DET0001"/>
					<det name="DET0002"/>
					<det name="DET0003"/>
					<det name="DET0000"/>
				</ftr>
				<ftr name="DF0000">
					<det name="DET0033"/>
					<det name="DET0021"/>
				</ftr>
				<ftr name="DF0011">
					<det name="DET0001"/>
					<det name="DET0008"/>
					<det name="DET0010"/>
					<det name="DET0017"/>
					<det name="DET0011"/>
					<det name="DET0014"/>
					<det name="DET0012"/>
				</ftr>
			</ftr-list>
		</transaction>
		<transaction name="TF0171" type="EI">
			<ftr-list>
				<ftr name="DF0032">
					<det name="DET0005"/>
					<det name="DET0004"/>
				</ftr>
				<ftr name="DF0000">
					<det name="DET0033"/>
					<det name="DET0021"/>
				</ftr>
				<ftr name="DF0011">
					<det name="DET0001"/>
					<det name="DET0008"/>
					<det name="DET0010"/>
					<det name="DET0017"/>
					<det name="DET0011"/>
					<det name="DET0014"/>
					<det name="DET0012"/>
				</ftr>
			</ftr-list>
		</transaction>
		<transaction name="TF0172" type="EQ" extraDET="4">
			<ftr-list>
				<ftr name="DF0028">
					<det name="DET0001"/>
					<det name="DET0000"/>
					<det name="DET0002"/>
					<det name="DET0003"/>
				</ftr>
				<ftr name="DF0000">
					<det name="DET0033"/>
					<det name="DET0021"/>
				</ftr>
			</ftr-list>
		</transaction>
		<transaction name="TF0173" type="EI">
			<ftr-list>
				<ftr name="DF0028">
					<det name="DET0001"/>
					<det name="DET0002"/>
					<det name="DET0003"/>
					<det name="DET0000"/>
				</ftr>
				<ftr name="DF0000">
					<det name="DET0033"/>
					<det name="DET0021"/>
				</ftr>
				<ftr name="DF0011">
					<det name="DET0001"/>
					<det name="DET0008"/>
					<det name="DET0010"/>
					<det name="DET0017"/>
					<det name="DET0011"/>
					<det name="DET0014"/>
					<det name="DET0012"/>
				</ftr>
			</ftr-list>
		</transaction>
		<transaction name="TF0174" type="EI">
			<ftr-list>
				<ftr name="DF0028">
					<det name="DET0005"/>
					<det name="DET0004"/>
				</ftr>
				<ftr name="DF0000">
					<det name="DET0033"/>
					<det name="DET0021"/>
				</ftr>
				<ftr name="DF0011">
					<det name="DET0001"/>
					<det name="DET0008"/>
					<det name="DET0010"/>
					<det name="DET0017"/>
					<det name="DET0011"/>
					<det name="DET0014"/>
					<det name="DET0012"/>
				</ftr>
			</ftr-list>
		</transaction>
		<transaction name="TF0175" type="EQ" extraDET="4">
			<ftr-list>
				<ftr name="DF0038">
					<det name="DET0000"/>
					<det name="DET0001"/>
					<det name="DET0003"/>
					<det name="DET0002"/>
				</ftr>
				<ftr name="DF0000">
					<det name="DET0033"/>
					<det name="DET0021"/>
				</ftr>
			</ftr-list>
		</transaction>
		<transaction name="TF0176" type="EI">
			<ftr-list>
				<ftr name="DF0038">
					<det name="DET0000"/>
					<det name="DET0001"/>
					<det name="DET0003"/>
					<det name="DET0002"/>
					<det name="DET0004"/>
				</ftr>
				<ftr name="DF0000">
					<det name="DET0033"/>
					<det name="DET0021"/>
				</ftr>
				<ftr name="DF0011">
					<det name="DET0001"/>
					<det name="DET0008"/>
					<det name="DET0010"/>
					<det name="DET0017"/>
					<det name="DET0011"/>
					<det name="DET0014"/>
					<det name="DET0012"/>
				</ftr>
			</ftr-list>
		</transaction>
		<transaction name="TF0177" type="EI" extraDET="1">
			<ftr-list>
				<ftr name="DF0000">
					<det name="DET0033"/>
					<det name="DET0021"/>
				</ftr>
				<ftr name="DF0011">
					<det name="DET0001"/>
					<det name="DET0008"/>
					<det name="DET0010"/>
					<det name="DET0017"/>
					<det name="DET0011"/>
					<det name="DET0014"/>
					<det name="DET0012"/>
				</ftr>
				<ftr name="DF0038">
					<det name="DET0005"/>
				</ftr>
			</ftr-list>
		</transaction>
		<transaction name="TF0178" type="EQ" extraDET="4">
			<ftr-list>
				<ftr name="DF0034">
					<det name="DET0001"/>
					<det name="DET0002"/>
					<det name="DET0003"/>
					<det name="DET0000"/>
				</ftr>
				<ftr name="DF0000">
					<det name="DET0033"/>
					<det name="DET0021"/>
				</ftr>
			</ftr-list>
		</transaction>
		<transaction name="TF0179" type="EI">
			<ftr-list>
				<ftr name="DF0034">
					<det name="DET0001"/>
					<det name="DET0002"/>
					<det name="DET0003"/>
					<det name="DET0000"/>
				</ftr>
				<ftr name="DF0000">
					<det name="DET0033"/>
					<det name="DET0021"/>
				</ftr>
				<ftr name="DF0011">
					<det name="DET0001"/>
					<det name="DET0008"/>
					<det name="DET0010"/>
					<det name="DET0017"/>
					<det name="DET0011"/>
					<det name="DET0014"/>
					<det name="DET0012"/>
				</ftr>
			</ftr-list>
		</transaction>
		<transaction name="TF0180" type="EI" extraDET="1">
			<ftr-list>
				<ftr name="DF0000">
					<det name="DET0033"/>
					<det name="DET0021"/>
				</ftr>
				<ftr name="DF0011">
					<det name="DET0001"/>
					<det name="DET0008"/>
					<det name="DET0010"/>
					<det name="DET0017"/>
					<det name="DET0011"/>
					<det name="DET0014"/>
					<det name="DET0012"/>
				</ftr>
				<ftr name="DF0034">
					<det name="DET0004"/>
				</ftr>
			</ftr-list>
		</transaction>
		<transaction name="TF0181" type="EQ" extraDET="4">
			<ftr-list>
				<ftr name="DF0030">
					<det name="DET0001"/>
					<det name="DET0002"/>
					<det name="DET0003"/>
					<det name="DET0000"/>
				</ftr>
				<ftr name="DF0000">
					<det name="DET0033"/>
					<det name="DET0021"/>
				</ftr>
			</ftr-list>
		</transaction>
		<transaction name="TF0182" type="EI">
			<ftr-list>
				<ftr name="DF0030">
					<det name="DET0001"/>
					<det name="DET0002"/>
					<det name="DET0003"/>
					<det name="DET0000"/>
				</ftr>
				<ftr name="DF0000">
					<det name="DET0033"/>
					<det name="DET0021"/>
				</ftr>
				<ftr name="DF0011">
					<det name="DET0001"/>
					<det name="DET0008"/>
					<det name="DET0010"/>
					<det name="DET0017"/>
					<det name="DET0011"/>
					<det name="DET0014"/>
					<det name="DET0012"/>
				</ftr>
			</ftr-list>
		</transaction>
		<transaction name="TF0183" type="EI">
			<ftr-list>
				<ftr name="DF0030">
					<det name="DET0005"/>
					<det name="DET0004"/>
				</ftr>
				<ftr name="DF0000">
					<det name="DET0033"/>
					<det name="DET0021"/>
				</ftr>
				<ftr name="DF0011">
					<det name="DET0001"/>
					<det name="DET0008"/>
					<det name="DET0010"/>
					<det name="DET0017"/>
					<det name="DET0011"/>
					<det name="DET0014"/>
					<det name="DET0012"/>
				</ftr>
			</ftr-list>
		</transaction>
		<transaction name="TF0184" type="EQ" extraDET="5">
			<ftr-list>
				<ftr name="DF0033">
					<det name="DET0001"/>
					<det name="DET0002"/>
					<det name="DET0003"/>
					<det name="DET0004"/>
				</ftr>
				<ftr name="DF0025">
					<det name="DET0002"/>
				</ftr>
				<ftr name="DF0000">
					<det name="DET0033"/>
					<det name="DET0021"/>
				</ftr>
			</ftr-list>
		</transaction>
		<transaction name="TF0185" type="EI">
			<ftr-list>
				<ftr name="DF0033">
					<det name="DET0001"/>
					<det name="DET0002"/>
					<det name="DET0003"/>
					<det name="DET0004"/>
					<det name="DET0005"/>
					<det name="DET0000"/>
				</ftr>
				<ftr name="DF0025">
					<det name="DET0002"/>
				</ftr>
				<ftr name="DF0000">
					<det name="DET0033"/>
					<det name="DET0021"/>
				</ftr>
				<ftr name="DF0011">
					<det name="DET0001"/>
					<det name="DET0008"/>
					<det name="DET0010"/>
					<det name="DET0017"/>
					<det name="DET0011"/>
					<det name="DET0014"/>
					<det name="DET0012"/>
				</ftr>
			</ftr-list>
		</transaction>
		<transaction name="TF0186" type="EI" extraDET="1">
			<ftr-list>
				<ftr name="DF0000">
					<det name="DET0033"/>
					<det name="DET0021"/>
				</ftr>
				<ftr name="DF0011">
					<det name="DET0001"/>
					<det name="DET0008"/>
					<det name="DET0010"/>
					<det name="DET0017"/>
					<det name="DET0011"/>
					<det name="DET0014"/>
					<det name="DET0012"/>
				</ftr>
				<ftr name="DF0033">
					<det name="DET0006"/>
				</ftr>
			</ftr-list>
		</transaction>
		<transaction name="TF0187" type="EQ" extraDET="5">
			<ftr-list>
				<ftr name="DF0029">
					<det name="DET0001"/>
					<det name="DET0002"/>
					<det name="DET0003"/>
					<det name="DET0004"/>
				</ftr>
				<ftr name="DF0025">
					<det name="DET0002"/>
				</ftr>
				<ftr name="DF0000">
					<det name="DET0033"/>
					<det name="DET0021"/>
				</ftr>
			</ftr-list>
		</transaction>
		<transaction name="TF0188" type="EI">
			<ftr-list>
				<ftr name="DF0029">
					<det name="DET0001"/>
					<det name="DET0002"/>
					<det name="DET0003"/>
					<det name="DET0004"/>
					<det name="DET0005"/>
					<det name="DET0000"/>
				</ftr>
				<ftr name="DF0025">
					<det name="DET0002"/>
				</ftr>
				<ftr name="DF0000">
					<det name="DET0033"/>
					<det name="DET0021"/>
				</ftr>
				<ftr name="DF0011">
					<det name="DET0001"/>
					<det name="DET0008"/>
					<det name="DET0010"/>
					<det name="DET0017"/>
					<det name="DET0011"/>
					<det name="DET0014"/>
					<det name="DET0012"/>
				</ftr>
			</ftr-list>
		</transaction>
		<transaction name="TF0189" type="EI" extraDET="1">
			<ftr-list>
				<ftr name="DF0000">
					<det name="DET0033"/>
					<det name="DET0021"/>
				</ftr>
				<ftr name="DF0011">
					<det name="DET0001"/>
					<det name="DET0008"/>
					<det name="DET0010"/>
					<det name="DET0017"/>
					<det name="DET0011"/>
					<det name="DET0014"/>
					<det name="DET0012"/>
				</ftr>
				<ftr name="DF0029">
					<det name="DET0006"/>
				</ftr>
			</ftr-list>
		</transaction>
		<transaction name="TF0190" type="EQ" extraDET="5">
			<ftr-list>
				<ftr name="DF0035">
					<det name="DET0001"/>
					<det name="DET0002"/>
					<det name="DET0003"/>
					<det name="DET0004"/>
				</ftr>
				<ftr name="DF0025">
					<det name="DET0002"/>
				</ftr>
				<ftr name="DF0000">
					<det name="DET0033"/>
					<det name="DET0021"/>
				</ftr>
			</ftr-list>
		</transaction>
		<transaction name="TF0191" type="EI">
			<ftr-list>
				<ftr name="DF0035">
					<det name="DET0001"/>
					<det name="DET0002"/>
					<det name="DET0003"/>
					<det name="DET0004"/>
					<det name="DET0005"/>
					<det name="DET0000"/>
				</ftr>
				<ftr name="DF0025">
					<det name="DET0002"/>
				</ftr>
				<ftr name="DF0011">
					<det name="DET0001"/>
					<det name="DET0008"/>
					<det name="DET0010"/>
					<det name="DET0017"/>
					<det name="DET0011"/>
					<det name="DET0014"/>
					<det name="DET0012"/>
				</ftr>
			</ftr-list>
		</transaction>
		<transaction name="TF0192" type="EI">
			<ftr-list>
				<ftr name="DF0035">
					<det name="DET0007"/>
					<det name="DET0006"/>
				</ftr>
				<ftr name="DF0000">
					<det name="DET0033"/>
					<det name="DET0021"/>
				</ftr>
				<ftr name="DF0011">
					<det name="DET0001"/>
					<det name="DET0008"/>
					<det name="DET0010"/>
					<det name="DET0017"/>
					<det name="DET0011"/>
					<det name="DET0014"/>
					<det name="DET0012"/>
				</ftr>
			</ftr-list>
		</transaction>
		<transaction name="TF0193" type="EQ" extraDET="5">
			<ftr-list>
				<ftr name="DF0031">
					<det name="DET0001"/>
					<det name="DET0002"/>
					<det name="DET0003"/>
					<det name="DET0004"/>
				</ftr>
				<ftr name="DF0025">
					<det name="DET0002"/>
				</ftr>
				<ftr name="DF0000">
					<det name="DET0033"/>
					<det name="DET0021"/>
				</ftr>
			</ftr-list>
		</transaction>
		<transaction name="TF0194" type="EI">
			<ftr-list>
				<ftr name="DF0031">
					<det name="DET0001"/>
					<det name="DET0002"/>
					<det name="DET0003"/>
					<det name="DET0004"/>
					<det name="DET0005"/>
					<det name="DET0000"/>
				</ftr>
				<ftr name="DF0025">
					<det name="DET0002"/>
				</ftr>
				<ftr name="DF0000">
					<det name="DET0033"/>
					<det name="DET0021"/>
				</ftr>
				<ftr name="DF0011">
					<det name="DET0001"/>
					<det name="DET0008"/>
					<det name="DET0010"/>
					<det name="DET0017"/>
					<det name="DET0011"/>
					<det name="DET0014"/>
					<det name="DET0012"/>
				</ftr>
			</ftr-list>
		</transaction>
		<transaction name="TF0195" type="EI">
			<ftr-list>
				<ftr name="DF0031">
					<det name="DET0008"/>
					<det name="DET0007"/>
				</ftr>
				<ftr name="DF0000">
					<det name="DET0033"/>
					<det name="DET0021"/>
				</ftr>
				<ftr name="DF0011">
					<det name="DET0001"/>
					<det name="DET0008"/>
					<det name="DET0010"/>
					<det name="DET0017"/>
					<det name="DET0011"/>
					<det name="DET0014"/>
					<det name="DET0012"/>
				</ftr>
			</ftr-list>
		</transaction>
		<transaction name="TF0196" type="EQ" extraDET="6">
			<ftr-list>
				<ftr name="DF0031">
					<det name="DET0000"/>
					<det name="DET0001"/>
					<det name="DET0002"/>
					<det name="DET0003"/>
					<det name="DET0004"/>
				</ftr>
				<ftr name="DF0025">
					<det name="DET0002"/>
				</ftr>
				<ftr name="DF0000">
					<det name="DET0033"/>
					<det name="DET0021"/>
				</ftr>
			</ftr-list>
		</transaction>
		<transaction name="TF0197" type="EI">
			<ftr-list>
				<ftr name="DF0031">
					<det name="DET0008"/>
					<det name="DET0006"/>
				</ftr>
				<ftr name="DF0000">
					<det name="DET0033"/>
					<det name="DET0021"/>
				</ftr>
				<ftr name="DF0011">
					<det name="DET0001"/>
					<det name="DET0008"/>
					<det name="DET0010"/>
					<det name="DET0017"/>
					<det name="DET0011"/>
					<det name="DET0014"/>
					<det name="DET0012"/>
				</ftr>
			</ftr-list>
		</transaction>
		<transaction name="TF0198" type="EO" extraDET="2">
			<ftr-list>
				<ftr name="DF0011">
					<det name="DET0001"/>
					<det name="DET0008"/>
					<det name="DET0010"/>
					<det name="DET0017"/>
					<det name="DET0011"/>
					<det name="DET0014"/>
					<det name="DET0012"/>
					<det name="DET0010"/>
				</ftr>
				<ftr name="DF0039">
					<det name="DET0001"/>
					<det name="DET0002"/>
					<det name="DET0000"/>
				</ftr>
				<ftr name="DF0000">
					<det name="DET0033"/>
					<det name="DET0021"/>
				</ftr>
			</ftr-list>
		</transaction>
		<transaction name="TF0199" type="EI">
			<ftr-list>
				<ftr name="DF0039">
					<det name="DET0000"/>
					<det name="DET0001"/>
					<det name="DET0002"/>
				</ftr>
				<ftr name="DF0011">
					<det name="DET0001"/>
					<det name="DET0008"/>
					<det name="DET0010"/>
					<det name="DET0017"/>
					<det name="DET0011"/>
					<det name="DET0014"/>
					<det name="DET0009"/>
					<det name="DET0012"/>
					<det name="DET0013"/>
					<det name="DET0015"/>
				</ftr>
				<ftr name="DF0000">
					<det name="DET0033"/>
					<det name="DET0021"/>
				</ftr>
			</ftr-list>
		</transaction>	
	</transaction-model>
</system>