<project>


	<stakeholder name="SH0003" weight="1">
		<transactionfunction name="TF0072" />
		<transactionfunction name="TF0073" />
		<transactionfunction name="TF0075" />
		<transactionfunction name="TF0076" />
		<transactionfunction name="TF0077" />
		<transactionfunction name="TF0078" />
		<transactionfunction name="TF0079" />
		<transactionfunction name="TF0080" />
		<transactionfunction name="TF0081" />
		<transactionfunction name="TF0082" />
		<transactionfunction name="TF0083" />
		<transactionfunction name="TF0084" />
		<transactionfunction name="TF0085" />
		<transactionfunction name="TF0086" />
		<transactionfunction name="TF0087" />
		<transactionfunction name="TF0093" />
		<transactionfunction name="TF0094" />
		<transactionfunction name="TF0095" />
		<transactionfunction name="TF0096" />
		<transactionfunction name="TF0097" />
		<transactionfunction name="TF0098" />
		<transactionfunction name="TF0099" />
		<transactionfunction name="TF0100" />
		<transactionfunction name="TF0101" />
		<transactionfunction name="TF0102" />
		<transactionfunction name="TF0103" />
		<transactionfunction name="TF0104" />
		<transactionfunction name="TF0105" />
		<transactionfunction name="TF0106" />
		<transactionfunction name="TF0107" />
		<transactionfunction name="TF0108" />
		<transactionfunction name="TF0111" />
		<transactionfunction name="TF0112" />
		<transactionfunction name="TF0113" />
		<transactionfunction name="TF0114" />
		<transactionfunction name="TF0115" />
		<transactionfunction name="TF0116" />
		<transactionfunction name="TF0117" />
		<transactionfunction name="TF0118" />
		<transactionfunction name="TF0119" />
		<transactionfunction name="TF0120" />
		<transactionfunction name="TF0121" />
		<transactionfunction name="TF0122" />
		<transactionfunction name="TF0123" />
		<transactionfunction name="TF0124" />
		<transactionfunction name="TF0125" />
		<transactionfunction name="TF0126" />
		<transactionfunction name="TF0127" />
		<transactionfunction name="TF0128" />
		<transactionfunction name="TF0129" />
		<transactionfunction name="TF0130" />
		<transactionfunction name="TF0131" />
		<transactionfunction name="TF0132" />
		<transactionfunction name="TF0133" />
		<transactionfunction name="TF0134" />
		<transactionfunction name="TF0135" />
		<transactionfunction name="TF0136" />
		<transactionfunction name="TF0137" />
		<transactionfunction name="TF0138" />
		<transactionfunction name="TF0139" />
		<transactionfunction name="TF0140" />
		<transactionfunction name="TF0141" />
		<transactionfunction name="TF0142" />
		<transactionfunction name="TF0143" />
	</stakeholder>
	<stakeholder name="SH0004" weight="1">
		<transactionfunction name="TF0000" />
		<transactionfunction name="TF0001" />
		<transactionfunction name="TF0002" />
		<transactionfunction name="TF0003" />
		<transactionfunction name="TF0004" />
		<transactionfunction name="TF0005" />
		<transactionfunction name="TF0006" />
		<transactionfunction name="TF0007" />
		<transactionfunction name="TF0008" />
		<transactionfunction name="TF0009" />
		<transactionfunction name="TF0010" />
		<transactionfunction name="TF0011" />
		<transactionfunction name="TF0012" />
		<transactionfunction name="TF0013" />
		<transactionfunction name="TF0026" />
		<transactionfunction name="TF0027" />
		<transactionfunction name="TF0028" />
		<transactionfunction name="TF0029" />
		<transactionfunction name="TF0030" />
		<transactionfunction name="TF0031" />
		<transactionfunction name="TF0032" />
		<transactionfunction name="TF0033" />
		<transactionfunction name="TF0034" />
		<transactionfunction name="TF0035" />
		<transactionfunction name="TF0036" />
		<transactionfunction name="TF0037" />
		<transactionfunction name="TF0038" />
		<transactionfunction name="TF0039" />
		<transactionfunction name="TF0040" />
		<transactionfunction name="TF0041" />
		<transactionfunction name="TF0042" />
		<transactionfunction name="TF0043" />
		<transactionfunction name="TF0044" />
		<transactionfunction name="TF0045" />
		<transactionfunction name="TF0056" />
		<transactionfunction name="TF0060" />
		<transactionfunction name="TF0061" />
		<transactionfunction name="TF0062" />
		<transactionfunction name="TF0063" />
		<transactionfunction name="TF0064" />
		<transactionfunction name="TF0065" />
		<transactionfunction name="TF0066" />
		<transactionfunction name="TF0072" />
		<transactionfunction name="TF0073" />
		<transactionfunction name="TF0075" />
		<transactionfunction name="TF0076" />
		<transactionfunction name="TF0077" />
		<transactionfunction name="TF0078" />
		<transactionfunction name="TF0079" />
		<transactionfunction name="TF0080" />
		<transactionfunction name="TF0081" />
		<transactionfunction name="TF0082" />
		<transactionfunction name="TF0083" />
		<transactionfunction name="TF0084" />
		<transactionfunction name="TF0085" />
		<transactionfunction name="TF0086" />
		<transactionfunction name="TF0087" />
		<transactionfunction name="TF0091" />
		<transactionfunction name="TF0092" />
	</stakeholder>
	<stakeholder name="SH0005" weight="1">
		<transactionfunction name="TF0014" />
		<transactionfunction name="TF0015" />
		<transactionfunction name="TF0016" />
		<transactionfunction name="TF0017" />
		<transactionfunction name="TF0018" />
		<transactionfunction name="TF0019" />
		<transactionfunction name="TF0020" />
		<transactionfunction name="TF0021" />
		<transactionfunction name="TF0022" />
		<transactionfunction name="TF0023" />
		<transactionfunction name="TF0024" />
		<transactionfunction name="TF0025" />
		<transactionfunction name="TF0026" />
		<transactionfunction name="TF0027" />
		<transactionfunction name="TF0028" />
		<transactionfunction name="TF0029" />
		<transactionfunction name="TF0030" />
		<transactionfunction name="TF0031" />
		<transactionfunction name="TF0032" />
		<transactionfunction name="TF0033" />
		<transactionfunction name="TF0034" />
		<transactionfunction name="TF0035" />
		<transactionfunction name="TF0036" />
		<transactionfunction name="TF0037" />
		<transactionfunction name="TF0038" />
		<transactionfunction name="TF0039" />
		<transactionfunction name="TF0040" />
		<transactionfunction name="TF0041" />
		<transactionfunction name="TF0042" />
		<transactionfunction name="TF0043" />
		<transactionfunction name="TF0044" />
		<transactionfunction name="TF0045" />
		<transactionfunction name="TF0046" />
		<transactionfunction name="TF0047" />
		<transactionfunction name="TF0048" />
		<transactionfunction name="TF0049" />
		<transactionfunction name="TF0050" />
		<transactionfunction name="TF0051" />
		<transactionfunction name="TF0052" />
		<transactionfunction name="TF0053" />
		<transactionfunction name="TF0054" />
		<transactionfunction name="TF0055" />
		<transactionfunction name="TF0056" />
		<transactionfunction name="TF0060" />
		<transactionfunction name="TF0061" />
		<transactionfunction name="TF0062" />
		<transactionfunction name="TF0063" />
		<transactionfunction name="TF0064" />
		<transactionfunction name="TF0065" />
		<transactionfunction name="TF0066" />
		<transactionfunction name="TF0072" />
		<transactionfunction name="TF0073" />
		<transactionfunction name="TF0075" />
		<transactionfunction name="TF0076" />
		<transactionfunction name="TF0077" />
		<transactionfunction name="TF0078" />
		<transactionfunction name="TF0079" />
		<transactionfunction name="TF0080" />
		<transactionfunction name="TF0081" />
		<transactionfunction name="TF0082" />
		<transactionfunction name="TF0083" />
		<transactionfunction name="TF0084" />
		<transactionfunction name="TF0085" />
		<transactionfunction name="TF0086" />
		<transactionfunction name="TF0087" />
		<transactionfunction name="TF0091" />
		<transactionfunction name="TF0092" />
	</stakeholder>
</project>
