<?xml version="1.0" encoding="UTF-8"?>
<stakeholders-interests>
	<stakeholders>
        <stakeholder name="SH0000" weight="2"/>
        <stakeholder name="SH0001" weight="1"/>
        <stakeholder name="SH0002" weight="1"/>
		<stakeholder name="SH0003" weight="1"/>
		<stakeholder name="SH0004" weight="1"/>
		<stakeholder name="SH0005" weight="1"/>
    </stakeholders>
    <interests>
		<interest stakeholder="SH0000" value="100" transactionRef="TF0001"/>
		<interest stakeholder="SH0000" value="100" transactionRef="TF0002"/>
		<interest stakeholder="SH0000" value="100" transactionRef="TF0003"/>
		<interest stakeholder="SH0000" value="100" transactionRef="TF0004"/>
		<interest stakeholder="SH0000" value="100" transactionRef="TF0005"/>
		<interest stakeholder="SH0000" value="100" transactionRef="TF0006"/>
		<interest stakeholder="SH0000" value="100" transactionRef="TF0007"/>
		<interest stakeholder="SH0000" value="100" transactionRef="TF0008"/>
		<interest stakeholder="SH0000" value="100" transactionRef="TF0009"/>
		<interest stakeholder="SH0000" value="100" transactionRef="TF0010"/>
		<interest stakeholder="SH0000" value="100" transactionRef="TF0011"/>
		<interest stakeholder="SH0000" value="100" transactionRef="TF0012"/>
		<interest stakeholder="SH0000" value="100" transactionRef="TF0013"/>
		<interest stakeholder="SH0000" value="100" transactionRef="TF0015"/>
		<interest stakeholder="SH0000" value="100" transactionRef="TF0016"/>
		<interest stakeholder="SH0000" value="100" transactionRef="TF0017"/>
		<interest stakeholder="SH0000" value="100" transactionRef="TF0018"/>
		<interest stakeholder="SH0000" value="100" transactionRef="TF0019"/>
		<interest stakeholder="SH0000" value="100" transactionRef="TF0020"/>
		<interest stakeholder="SH0000" value="100" transactionRef="TF0021"/>
		<interest stakeholder="SH0000" value="100" transactionRef="TF0022"/>
		<interest stakeholder="SH0000" value="100" transactionRef="TF0023"/>
		<interest stakeholder="SH0000" value="100" transactionRef="TF0024"/>
		<interest stakeholder="SH0000" value="100" transactionRef="TF0025"/>
		<interest stakeholder="SH0000" value="100" transactionRef="TF0026"/>
		<interest stakeholder="SH0000" value="100" transactionRef="TF0027"/>
		<interest stakeholder="SH0000" value="100" transactionRef="TF0028"/>
		<interest stakeholder="SH0000" value="100" transactionRef="TF0031"/>
		<interest stakeholder="SH0000" value="100" transactionRef="TF0032"/>
		<interest stakeholder="SH0000" value="100" transactionRef="TF0033"/>
		<interest stakeholder="SH0000" value="100" transactionRef="TF0034"/>
		<interest stakeholder="SH0000" value="100" transactionRef="TF0035"/>
		<interest stakeholder="SH0000" value="100" transactionRef="TF0036"/>
		<interest stakeholder="SH0000" value="100" transactionRef="TF0037"/>
		<interest stakeholder="SH0000" value="100" transactionRef="TF0038"/>
		<interest stakeholder="SH0000" value="100" transactionRef="TF0039"/>
		<interest stakeholder="SH0000" value="100" transactionRef="TF0040"/>
		<interest stakeholder="SH0000" value="100" transactionRef="TF0041"/>
		<interest stakeholder="SH0000" value="100" transactionRef="TF0042"/>
		<interest stakeholder="SH0000" value="100" transactionRef="TF0043"/>
		<interest stakeholder="SH0000" value="100" transactionRef="TF0044"/>
		<interest stakeholder="SH0000" value="100" transactionRef="TF0045"/>
		<interest stakeholder="SH0000" value="100" transactionRef="TF0046"/>
		<interest stakeholder="SH0000" value="100" transactionRef="TF0047"/>
		<interest stakeholder="SH0000" value="100" transactionRef="TF0048"/>
		<interest stakeholder="SH0000" value="100" transactionRef="TF0049"/>
		<interest stakeholder="SH0000" value="100" transactionRef="TF0050"/>
		<interest stakeholder="SH0000" value="100" transactionRef="TF0051"/>
		<interest stakeholder="SH0000" value="100" transactionRef="TF0052"/>
		<interest stakeholder="SH0000" value="100" transactionRef="TF0053"/>
		<interest stakeholder="SH0000" value="100" transactionRef="TF0054"/>
		<interest stakeholder="SH0000" value="100" transactionRef="TF0055"/>
		<interest stakeholder="SH0000" value="100" transactionRef="TF0062"/>
		<interest stakeholder="SH0000" value="100" transactionRef="TF0063"/>
		<interest stakeholder="SH0000" value="100" transactionRef="TF0072"/>
		<interest stakeholder="SH0000" value="100" transactionRef="TF0073"/>
		<interest stakeholder="SH0000" value="100" transactionRef="TF0075"/>
		<interest stakeholder="SH0000" value="100" transactionRef="TF0076"/>
		<interest stakeholder="SH0000" value="100" transactionRef="TF0077"/>
		<interest stakeholder="SH0000" value="100" transactionRef="TF0078"/>
		<interest stakeholder="SH0000" value="100" transactionRef="TF0079"/>
		<interest stakeholder="SH0000" value="100" transactionRef="TF0080"/>
		<interest stakeholder="SH0000" value="100" transactionRef="TF0081"/>
		<interest stakeholder="SH0000" value="100" transactionRef="TF0082"/>
		<interest stakeholder="SH0000" value="100" transactionRef="TF0083"/>
		<interest stakeholder="SH0000" value="100" transactionRef="TF0084"/>
		<interest stakeholder="SH0000" value="100" transactionRef="TF0085"/>
		<interest stakeholder="SH0000" value="100" transactionRef="TF0086"/>
		<interest stakeholder="SH0000" value="100" transactionRef="TF0087"/>
		<interest stakeholder="SH0000" value="100" transactionRef="TF0093"/>
		<interest stakeholder="SH0000" value="100" transactionRef="TF0094"/>
		<interest stakeholder="SH0000" value="100" transactionRef="TF0095"/>
		<interest stakeholder="SH0000" value="100" transactionRef="TF0098"/>
		<interest stakeholder="SH0000" value="100" transactionRef="TF0099"/>
		<interest stakeholder="SH0000" value="100" transactionRef="TF0100"/>
		<interest stakeholder="SH0000" value="100" transactionRef="TF0103"/>
		<interest stakeholder="SH0000" value="100" transactionRef="TF0104"/>
		<interest stakeholder="SH0000" value="100" transactionRef="TF0105"/>
		<interest stakeholder="SH0000" value="100" transactionRef="TF0113"/>
		<interest stakeholder="SH0000" value="100" transactionRef="TF0114"/>
		<interest stakeholder="SH0000" value="100" transactionRef="TF0116"/>
		<interest stakeholder="SH0000" value="100" transactionRef="TF0117"/>
		<interest stakeholder="SH0000" value="100" transactionRef="TF0119"/>
		<interest stakeholder="SH0000" value="100" transactionRef="TF0120"/>
		<interest stakeholder="SH0000" value="100" transactionRef="TF0122"/>
		<interest stakeholder="SH0000" value="100" transactionRef="TF0123"/>
		<interest stakeholder="SH0000" value="100" transactionRef="TF0125"/>
		<interest stakeholder="SH0000" value="100" transactionRef="TF0126"/>
		<interest stakeholder="SH0000" value="100" transactionRef="TF0127"/>
		<interest stakeholder="SH0000" value="100" transactionRef="TF0128"/>
		<interest stakeholder="SH0000" value="100" transactionRef="TF0129"/>
		<interest stakeholder="SH0000" value="100" transactionRef="TF0130"/>
		<interest stakeholder="SH0000" value="100" transactionRef="TF0131"/>
		<interest stakeholder="SH0000" value="100" transactionRef="TF0132"/>
		<interest stakeholder="SH0000" value="100" transactionRef="TF0133"/>
		<interest stakeholder="SH0000" value="100" transactionRef="TF0134"/>
		<interest stakeholder="SH0000" value="100" transactionRef="TF0135"/>
		<interest stakeholder="SH0000" value="100" transactionRef="TF0136"/>
		<interest stakeholder="SH0000" value="100" transactionRef="TF0137"/>
		<interest stakeholder="SH0000" value="100" transactionRef="TF0138"/>
		<interest stakeholder="SH0000" value="100" transactionRef="TF0139"/>
		<interest stakeholder="SH0000" value="100" transactionRef="TF0140"/>
		<interest stakeholder="SH0000" value="100" transactionRef="TF0141"/>
		<interest stakeholder="SH0000" value="100" transactionRef="TF0142"/>
		<interest stakeholder="SH0000" value="100" transactionRef="TF0143"/>
		<interest stakeholder="SH0000" value="100" transactionRef="TF0144"/>
		<interest stakeholder="SH0000" value="100" transactionRef="TF0145"/>
		<interest stakeholder="SH0000" value="100" transactionRef="TF0146"/>
		<interest stakeholder="SH0000" value="100" transactionRef="TF0148"/>
		<interest stakeholder="SH0000" value="100" transactionRef="TF0149"/>
		<interest stakeholder="SH0000" value="100" transactionRef="TF0151"/>
		<interest stakeholder="SH0000" value="100" transactionRef="TF0152"/>
		<interest stakeholder="SH0000" value="100" transactionRef="TF0154"/>
		<interest stakeholder="SH0000" value="100" transactionRef="TF0155"/>
		<interest stakeholder="SH0000" value="100" transactionRef="TF0157"/>
		<interest stakeholder="SH0000" value="100" transactionRef="TF0158"/>
		<interest stakeholder="SH0000" value="100" transactionRef="TF0159"/>
		<interest stakeholder="SH0000" value="100" transactionRef="TF0166"/>
		<interest stakeholder="SH0000" value="100" transactionRef="TF0167"/>
		<interest stakeholder="SH0000" value="100" transactionRef="TF0169"/>
		<interest stakeholder="SH0000" value="100" transactionRef="TF0170"/>
		<interest stakeholder="SH0000" value="100" transactionRef="TF0172"/>
		<interest stakeholder="SH0000" value="100" transactionRef="TF0173"/>
		<interest stakeholder="SH0000" value="100" transactionRef="TF0175"/>
		<interest stakeholder="SH0000" value="100" transactionRef="TF0176"/>
		<interest stakeholder="SH0000" value="100" transactionRef="TF0178"/>
		<interest stakeholder="SH0000" value="100" transactionRef="TF0179"/>
		<interest stakeholder="SH0000" value="100" transactionRef="TF0181"/>
		<interest stakeholder="SH0000" value="100" transactionRef="TF0182"/>
		<interest stakeholder="SH0000" value="100" transactionRef="TF0184"/>
		<interest stakeholder="SH0000" value="100" transactionRef="TF0185"/>
		<interest stakeholder="SH0000" value="100" transactionRef="TF0187"/>
		<interest stakeholder="SH0000" value="100" transactionRef="TF0188"/>
		<interest stakeholder="SH0000" value="100" transactionRef="TF0190"/>
		<interest stakeholder="SH0000" value="100" transactionRef="TF0191"/>
		<interest stakeholder="SH0000" value="100" transactionRef="TF0193"/>
		<interest stakeholder="SH0000" value="100" transactionRef="TF0194"/>
		<interest stakeholder="SH0000" value="100" transactionRef="TF0198"/>
		
		<interest stakeholder="SH0001" value="100" transactionRef="TF0000"/>
		<interest stakeholder="SH0001" value="100" transactionRef="TF0014"/>
		<interest stakeholder="SH0001" value="100" transactionRef="TF0029"/>
		<interest stakeholder="SH0001" value="100" transactionRef="TF0030"/>
		<interest stakeholder="SH0001" value="100" transactionRef="TF0056"/>
		<interest stakeholder="SH0001" value="100" transactionRef="TF0057"/>
		<interest stakeholder="SH0001" value="100" transactionRef="TF0058"/>
		<interest stakeholder="SH0001" value="100" transactionRef="TF0059"/>
		<interest stakeholder="SH0001" value="100" transactionRef="TF0060"/>
		<interest stakeholder="SH0001" value="100" transactionRef="TF0061"/>
		<interest stakeholder="SH0001" value="100" transactionRef="TF0064"/>
		<interest stakeholder="SH0001" value="100" transactionRef="TF0065"/>
		<interest stakeholder="SH0001" value="100" transactionRef="TF0066"/>
		<interest stakeholder="SH0001" value="100" transactionRef="TF0067"/>
		<interest stakeholder="SH0001" value="100" transactionRef="TF0068"/>
		<interest stakeholder="SH0001" value="100" transactionRef="TF0069"/>
		<interest stakeholder="SH0001" value="100" transactionRef="TF0070"/>
		<interest stakeholder="SH0001" value="100" transactionRef="TF0071"/>
		<interest stakeholder="SH0001" value="100" transactionRef="TF0074"/>
		<interest stakeholder="SH0001" value="100" transactionRef="TF0088"/>
		<interest stakeholder="SH0001" value="100" transactionRef="TF0089"/>
		<interest stakeholder="SH0001" value="100" transactionRef="TF0090"/>
		<interest stakeholder="SH0001" value="100" transactionRef="TF0091"/>
		<interest stakeholder="SH0001" value="100" transactionRef="TF0092"/>
		<interest stakeholder="SH0001" value="100" transactionRef="TF0096"/>
		<interest stakeholder="SH0001" value="100" transactionRef="TF0097"/>
		<interest stakeholder="SH0001" value="100" transactionRef="TF0101"/>
		<interest stakeholder="SH0001" value="100" transactionRef="TF0102"/>
		<interest stakeholder="SH0001" value="100" transactionRef="TF0106"/>
		<interest stakeholder="SH0001" value="100" transactionRef="TF0107"/>
		<interest stakeholder="SH0001" value="100" transactionRef="TF0108"/>
		<interest stakeholder="SH0001" value="100" transactionRef="TF0109"/>
		<interest stakeholder="SH0001" value="100" transactionRef="TF0110"/>
		<interest stakeholder="SH0001" value="100" transactionRef="TF0111"/>
		<interest stakeholder="SH0001" value="100" transactionRef="TF0112"/>
		<interest stakeholder="SH0001" value="100" transactionRef="TF0115"/>
		<interest stakeholder="SH0001" value="100" transactionRef="TF0118"/>
		<interest stakeholder="SH0001" value="100" transactionRef="TF0121"/>
		<interest stakeholder="SH0001" value="100" transactionRef="TF0124"/>
		<interest stakeholder="SH0001" value="100" transactionRef="TF0147"/>
		<interest stakeholder="SH0001" value="100" transactionRef="TF0150"/>
		<interest stakeholder="SH0001" value="100" transactionRef="TF0153"/>
		<interest stakeholder="SH0001" value="100" transactionRef="TF0156"/>
		<interest stakeholder="SH0001" value="100" transactionRef="TF0160"/>
		<interest stakeholder="SH0001" value="100" transactionRef="TF0161"/>
		<interest stakeholder="SH0001" value="100" transactionRef="TF0162"/>
		<interest stakeholder="SH0001" value="100" transactionRef="TF0163"/>
		<interest stakeholder="SH0001" value="100" transactionRef="TF0164"/>
		<interest stakeholder="SH0001" value="100" transactionRef="TF0165"/>
		<interest stakeholder="SH0001" value="100" transactionRef="TF0168"/>
		<interest stakeholder="SH0001" value="100" transactionRef="TF0171"/>
		<interest stakeholder="SH0001" value="100" transactionRef="TF0174"/>
		<interest stakeholder="SH0001" value="100" transactionRef="TF0177"/>
		<interest stakeholder="SH0001" value="100" transactionRef="TF0180"/>
		<interest stakeholder="SH0001" value="100" transactionRef="TF0183"/>
		<interest stakeholder="SH0001" value="100" transactionRef="TF0186"/>
		<interest stakeholder="SH0001" value="100" transactionRef="TF0189"/>
		<interest stakeholder="SH0001" value="100" transactionRef="TF0192"/>
		<interest stakeholder="SH0001" value="100" transactionRef="TF0195"/>
		<interest stakeholder="SH0001" value="100" transactionRef="TF0196"/>
		<interest stakeholder="SH0001" value="100" transactionRef="TF0197"/>
		<interest stakeholder="SH0001" value="100" transactionRef="TF0199"/>
		
		
		<interest stakeholder="SH0002" value="100" transactionRef="TF0072"/>
		<interest stakeholder="SH0002" value="100" transactionRef="TF0073"/>
		<interest stakeholder="SH0002" value="100" transactionRef="TF0075"/>
		<interest stakeholder="SH0002" value="100" transactionRef="TF0076"/>
		<interest stakeholder="SH0002" value="100" transactionRef="TF0077"/>
		<interest stakeholder="SH0002" value="100" transactionRef="TF0078"/>
		<interest stakeholder="SH0002" value="100" transactionRef="TF0079"/>
		<interest stakeholder="SH0002" value="100" transactionRef="TF0080"/>
		<interest stakeholder="SH0002" value="100" transactionRef="TF0081"/>
		<interest stakeholder="SH0002" value="100" transactionRef="TF0082"/>
		<interest stakeholder="SH0002" value="100" transactionRef="TF0083"/>
		<interest stakeholder="SH0002" value="100" transactionRef="TF0084"/>
		<interest stakeholder="SH0002" value="100" transactionRef="TF0085"/>
		<interest stakeholder="SH0002" value="100" transactionRef="TF0086"/>
		<interest stakeholder="SH0002" value="100" transactionRef="TF0087"/>
		<interest stakeholder="SH0002" value="100" transactionRef="TF0125"/>
		<interest stakeholder="SH0002" value="100" transactionRef="TF0126"/>
		<interest stakeholder="SH0002" value="100" transactionRef="TF0127"/>
		<interest stakeholder="SH0002" value="100" transactionRef="TF0128"/>
		<interest stakeholder="SH0002" value="100" transactionRef="TF0129"/>
		<interest stakeholder="SH0002" value="100" transactionRef="TF0130"/>
		<interest stakeholder="SH0002" value="100" transactionRef="TF0131"/>
		<interest stakeholder="SH0002" value="100" transactionRef="TF0132"/>
		<interest stakeholder="SH0002" value="100" transactionRef="TF0133"/>
		<interest stakeholder="SH0002" value="100" transactionRef="TF0134"/>
		<interest stakeholder="SH0002" value="100" transactionRef="TF0135"/>
		<interest stakeholder="SH0002" value="100" transactionRef="TF0136"/>
		<interest stakeholder="SH0002" value="100" transactionRef="TF0137"/>
		<interest stakeholder="SH0002" value="100" transactionRef="TF0138"/>
		<interest stakeholder="SH0002" value="100" transactionRef="TF0139"/>
		<interest stakeholder="SH0002" value="100" transactionRef="TF0140"/>
		<interest stakeholder="SH0002" value="100" transactionRef="TF0141"/>
		<interest stakeholder="SH0002" value="100" transactionRef="TF0142"/>
		<interest stakeholder="SH0002" value="100" transactionRef="TF0143"/>
		<interest stakeholder="SH0002" value="100" transactionRef="TF0144"/>
		<interest stakeholder="SH0002" value="100" transactionRef="TF0145"/>
		<interest stakeholder="SH0002" value="100" transactionRef="TF0146"/>
		<interest stakeholder="SH0002" value="100" transactionRef="TF0147"/>
		<interest stakeholder="SH0002" value="100" transactionRef="TF0148"/>
		<interest stakeholder="SH0002" value="100" transactionRef="TF0149"/>
		<interest stakeholder="SH0002" value="100" transactionRef="TF0150"/>
		<interest stakeholder="SH0002" value="100" transactionRef="TF0151"/>
		<interest stakeholder="SH0002" value="100" transactionRef="TF0152"/>
		<interest stakeholder="SH0002" value="100" transactionRef="TF0153"/>
		<interest stakeholder="SH0002" value="100" transactionRef="TF0154"/>
		<interest stakeholder="SH0002" value="100" transactionRef="TF0155"/>
		<interest stakeholder="SH0002" value="100" transactionRef="TF0156"/>
		<interest stakeholder="SH0002" value="100" transactionRef="TF0157"/>
		<interest stakeholder="SH0002" value="100" transactionRef="TF0158"/>
		<interest stakeholder="SH0002" value="100" transactionRef="TF0159"/>
		<interest stakeholder="SH0002" value="100" transactionRef="TF0160"/>
		<interest stakeholder="SH0002" value="100" transactionRef="TF0163"/>
		<interest stakeholder="SH0002" value="100" transactionRef="TF0164"/>
		<interest stakeholder="SH0002" value="100" transactionRef="TF0165"/>
		<interest stakeholder="SH0002" value="100" transactionRef="TF0166"/>
		<interest stakeholder="SH0002" value="100" transactionRef="TF0167"/>
		<interest stakeholder="SH0002" value="100" transactionRef="TF0168"/>
		<interest stakeholder="SH0002" value="100" transactionRef="TF0169"/>
		<interest stakeholder="SH0002" value="100" transactionRef="TF0170"/>
		<interest stakeholder="SH0002" value="100" transactionRef="TF0171"/>
		<interest stakeholder="SH0002" value="100" transactionRef="TF0172"/>
		<interest stakeholder="SH0002" value="100" transactionRef="TF0173"/>
		<interest stakeholder="SH0002" value="100" transactionRef="TF0174"/>
		<interest stakeholder="SH0002" value="100" transactionRef="TF0175"/>
		<interest stakeholder="SH0002" value="100" transactionRef="TF0176"/>
		<interest stakeholder="SH0002" value="100" transactionRef="TF0177"/>
		<interest stakeholder="SH0002" value="100" transactionRef="TF0178"/>
		<interest stakeholder="SH0002" value="100" transactionRef="TF0179"/>
		<interest stakeholder="SH0002" value="100" transactionRef="TF0180"/>
		<interest stakeholder="SH0002" value="100" transactionRef="TF0181"/>
		<interest stakeholder="SH0002" value="100" transactionRef="TF0182"/>
		<interest stakeholder="SH0002" value="100" transactionRef="TF0183"/>
		<interest stakeholder="SH0002" value="100" transactionRef="TF0184"/>
		<interest stakeholder="SH0002" value="100" transactionRef="TF0185"/>
		<interest stakeholder="SH0002" value="100" transactionRef="TF0186"/>
		<interest stakeholder="SH0002" value="100" transactionRef="TF0187"/>
		<interest stakeholder="SH0002" value="100" transactionRef="TF0188"/>
		<interest stakeholder="SH0002" value="100" transactionRef="TF0189"/>
		<interest stakeholder="SH0002" value="100" transactionRef="TF0190"/>
		<interest stakeholder="SH0002" value="100" transactionRef="TF0191"/>
		<interest stakeholder="SH0002" value="100" transactionRef="TF0192"/>
		<interest stakeholder="SH0002" value="100" transactionRef="TF0193"/>
		<interest stakeholder="SH0002" value="100" transactionRef="TF0194"/>
		<interest stakeholder="SH0002" value="100" transactionRef="TF0195"/>
		<interest stakeholder="SH0002" value="100" transactionRef="TF0196"/>
		<interest stakeholder="SH0002" value="100" transactionRef="TF0197"/>
		<interest stakeholder="SH0002" value="100" transactionRef="TF0198"/>
		<interest stakeholder="SH0002" value="100" transactionRef="TF0199"/>
		
		
		<interest stakeholder="SH0003" value="100" transactionRef="TF0072"/>
		<interest stakeholder="SH0003" value="100" transactionRef="TF0073"/>
		<interest stakeholder="SH0003" value="100" transactionRef="TF0075"/>
		<interest stakeholder="SH0003" value="100" transactionRef="TF0076"/>
		<interest stakeholder="SH0003" value="100" transactionRef="TF0077"/>
		<interest stakeholder="SH0003" value="100" transactionRef="TF0078"/>
		<interest stakeholder="SH0003" value="100" transactionRef="TF0079"/>
		<interest stakeholder="SH0003" value="100" transactionRef="TF0080"/>
		<interest stakeholder="SH0003" value="100" transactionRef="TF0081"/>
		<interest stakeholder="SH0003" value="100" transactionRef="TF0082"/>
		<interest stakeholder="SH0003" value="100" transactionRef="TF0083"/>
		<interest stakeholder="SH0003" value="100" transactionRef="TF0084"/>
		<interest stakeholder="SH0003" value="100" transactionRef="TF0085"/>
		<interest stakeholder="SH0003" value="100" transactionRef="TF0086"/>
		<interest stakeholder="SH0003" value="100" transactionRef="TF0087"/>
		<interest stakeholder="SH0003" value="100" transactionRef="TF0093"/>
		<interest stakeholder="SH0003" value="100" transactionRef="TF0094"/>
		<interest stakeholder="SH0003" value="100" transactionRef="TF0095"/>
		<interest stakeholder="SH0003" value="100" transactionRef="TF0096"/>
		<interest stakeholder="SH0003" value="100" transactionRef="TF0097"/>
		<interest stakeholder="SH0003" value="100" transactionRef="TF0098"/>
		<interest stakeholder="SH0003" value="100" transactionRef="TF0099"/>
		<interest stakeholder="SH0003" value="100" transactionRef="TF0100"/>
		<interest stakeholder="SH0003" value="100" transactionRef="TF0101"/>
		<interest stakeholder="SH0003" value="100" transactionRef="TF0102"/>
		<interest stakeholder="SH0003" value="100" transactionRef="TF0103"/>
		<interest stakeholder="SH0003" value="100" transactionRef="TF0104"/>
		<interest stakeholder="SH0003" value="100" transactionRef="TF0105"/>
		<interest stakeholder="SH0003" value="100" transactionRef="TF0106"/>
		<interest stakeholder="SH0003" value="100" transactionRef="TF0107"/>
		<interest stakeholder="SH0003" value="100" transactionRef="TF0108"/>
		<interest stakeholder="SH0003" value="100" transactionRef="TF0111"/>
		<interest stakeholder="SH0003" value="100" transactionRef="TF0112"/>
		<interest stakeholder="SH0003" value="100" transactionRef="TF0113"/>
		<interest stakeholder="SH0003" value="100" transactionRef="TF0114"/>
		<interest stakeholder="SH0003" value="100" transactionRef="TF0115"/>
		<interest stakeholder="SH0003" value="100" transactionRef="TF0116"/>
		<interest stakeholder="SH0003" value="100" transactionRef="TF0117"/>
		<interest stakeholder="SH0003" value="100" transactionRef="TF0118"/>
		<interest stakeholder="SH0003" value="100" transactionRef="TF0119"/>
		<interest stakeholder="SH0003" value="100" transactionRef="TF0120"/>
		<interest stakeholder="SH0003" value="100" transactionRef="TF0121"/>
		<interest stakeholder="SH0003" value="100" transactionRef="TF0122"/>
		<interest stakeholder="SH0003" value="100" transactionRef="TF0123"/>
		<interest stakeholder="SH0003" value="100" transactionRef="TF0124"/>
		<interest stakeholder="SH0003" value="100" transactionRef="TF0125"/>
		<interest stakeholder="SH0003" value="100" transactionRef="TF0126"/>
		<interest stakeholder="SH0003" value="100" transactionRef="TF0127"/>
		<interest stakeholder="SH0003" value="100" transactionRef="TF0128"/>
		<interest stakeholder="SH0003" value="100" transactionRef="TF0129"/>
		<interest stakeholder="SH0003" value="100" transactionRef="TF0130"/>
		<interest stakeholder="SH0003" value="100" transactionRef="TF0131"/>
		<interest stakeholder="SH0003" value="100" transactionRef="TF0132"/>
		<interest stakeholder="SH0003" value="100" transactionRef="TF0133"/>
		<interest stakeholder="SH0003" value="100" transactionRef="TF0134"/>
		<interest stakeholder="SH0003" value="100" transactionRef="TF0135"/>
		<interest stakeholder="SH0003" value="100" transactionRef="TF0136"/>
		<interest stakeholder="SH0003" value="100" transactionRef="TF0137"/>
		<interest stakeholder="SH0003" value="100" transactionRef="TF0138"/>
		<interest stakeholder="SH0003" value="100" transactionRef="TF0139"/>
		<interest stakeholder="SH0003" value="100" transactionRef="TF0140"/>
		<interest stakeholder="SH0003" value="100" transactionRef="TF0141"/>
		<interest stakeholder="SH0003" value="100" transactionRef="TF0142"/>
		<interest stakeholder="SH0003" value="100" transactionRef="TF0143"/>
		
		<interest stakeholder="SH0004" value="100" transactionRef="TF0000"/>
		<interest stakeholder="SH0004" value="100" transactionRef="TF0001"/>
		<interest stakeholder="SH0004" value="100" transactionRef="TF0002"/>
		<interest stakeholder="SH0004" value="100" transactionRef="TF0003"/>
		<interest stakeholder="SH0004" value="100" transactionRef="TF0004"/>
		<interest stakeholder="SH0004" value="100" transactionRef="TF0005"/>
		<interest stakeholder="SH0004" value="100" transactionRef="TF0006"/>
		<interest stakeholder="SH0004" value="100" transactionRef="TF0007"/>
		<interest stakeholder="SH0004" value="100" transactionRef="TF0008"/>
		<interest stakeholder="SH0004" value="100" transactionRef="TF0009"/>
		<interest stakeholder="SH0004" value="100" transactionRef="TF0010"/>
		<interest stakeholder="SH0004" value="100" transactionRef="TF0011"/>
		<interest stakeholder="SH0004" value="100" transactionRef="TF0012"/>
		<interest stakeholder="SH0004" value="100" transactionRef="TF0013"/>
		<interest stakeholder="SH0004" value="100" transactionRef="TF0026"/>
		<interest stakeholder="SH0004" value="100" transactionRef="TF0027"/>
		<interest stakeholder="SH0004" value="100" transactionRef="TF0028"/>
		<interest stakeholder="SH0004" value="100" transactionRef="TF0029"/>
		<interest stakeholder="SH0004" value="100" transactionRef="TF0030"/>
		<interest stakeholder="SH0004" value="100" transactionRef="TF0031"/>
		<interest stakeholder="SH0004" value="100" transactionRef="TF0032"/>
		<interest stakeholder="SH0004" value="100" transactionRef="TF0033"/>
		<interest stakeholder="SH0004" value="100" transactionRef="TF0034"/>
		<interest stakeholder="SH0004" value="100" transactionRef="TF0035"/>
		<interest stakeholder="SH0004" value="100" transactionRef="TF0036"/>
		<interest stakeholder="SH0004" value="100" transactionRef="TF0037"/>
		<interest stakeholder="SH0004" value="100" transactionRef="TF0038"/>
		<interest stakeholder="SH0004" value="100" transactionRef="TF0039"/>
		<interest stakeholder="SH0004" value="100" transactionRef="TF0040"/>
		<interest stakeholder="SH0004" value="100" transactionRef="TF0041"/>
		<interest stakeholder="SH0004" value="100" transactionRef="TF0042"/>
		<interest stakeholder="SH0004" value="100" transactionRef="TF0043"/>
		<interest stakeholder="SH0004" value="100" transactionRef="TF0044"/>
		<interest stakeholder="SH0004" value="100" transactionRef="TF0045"/>
		<interest stakeholder="SH0004" value="100" transactionRef="TF0056"/>
		<interest stakeholder="SH0004" value="100" transactionRef="TF0060"/>
		<interest stakeholder="SH0004" value="100" transactionRef="TF0061"/>
		<interest stakeholder="SH0004" value="100" transactionRef="TF0062"/>
		<interest stakeholder="SH0004" value="100" transactionRef="TF0063"/>
		<interest stakeholder="SH0004" value="100" transactionRef="TF0064"/>
		<interest stakeholder="SH0004" value="100" transactionRef="TF0065"/>
		<interest stakeholder="SH0004" value="100" transactionRef="TF0066"/>
		<interest stakeholder="SH0004" value="100" transactionRef="TF0072"/>
		<interest stakeholder="SH0004" value="100" transactionRef="TF0073"/>
		<interest stakeholder="SH0004" value="100" transactionRef="TF0075"/>
		<interest stakeholder="SH0004" value="100" transactionRef="TF0076"/>
		<interest stakeholder="SH0004" value="100" transactionRef="TF0077"/>
		<interest stakeholder="SH0004" value="100" transactionRef="TF0078"/>
		<interest stakeholder="SH0004" value="100" transactionRef="TF0079"/>
		<interest stakeholder="SH0004" value="100" transactionRef="TF0080"/>
		<interest stakeholder="SH0004" value="100" transactionRef="TF0081"/>
		<interest stakeholder="SH0004" value="100" transactionRef="TF0082"/>
		<interest stakeholder="SH0004" value="100" transactionRef="TF0083"/>
		<interest stakeholder="SH0004" value="100" transactionRef="TF0084"/>
		<interest stakeholder="SH0004" value="100" transactionRef="TF0085"/>
		<interest stakeholder="SH0004" value="100" transactionRef="TF0086"/>
		<interest stakeholder="SH0004" value="100" transactionRef="TF0087"/>
		<interest stakeholder="SH0004" value="100" transactionRef="TF0091"/>
		<interest stakeholder="SH0004" value="100" transactionRef="TF0092"/>
		
		<interest stakeholder="SH0005" value="100" transactionRef="TF0014"/>
		<interest stakeholder="SH0005" value="100" transactionRef="TF0015"/>
		<interest stakeholder="SH0005" value="100" transactionRef="TF0016"/>
		<interest stakeholder="SH0005" value="100" transactionRef="TF0017"/>
		<interest stakeholder="SH0005" value="100" transactionRef="TF0018"/>
		<interest stakeholder="SH0005" value="100" transactionRef="TF0019"/>
		<interest stakeholder="SH0005" value="100" transactionRef="TF0020"/>
		<interest stakeholder="SH0005" value="100" transactionRef="TF0021"/>
		<interest stakeholder="SH0005" value="100" transactionRef="TF0022"/>
		<interest stakeholder="SH0005" value="100" transactionRef="TF0023"/>
		<interest stakeholder="SH0005" value="100" transactionRef="TF0024"/>
		<interest stakeholder="SH0005" value="100" transactionRef="TF0025"/>
		<interest stakeholder="SH0005" value="100" transactionRef="TF0026"/>
		<interest stakeholder="SH0005" value="100" transactionRef="TF0027"/>
		<interest stakeholder="SH0005" value="100" transactionRef="TF0028"/>
		<interest stakeholder="SH0005" value="100" transactionRef="TF0029"/>
		<interest stakeholder="SH0005" value="100" transactionRef="TF0030"/>
		<interest stakeholder="SH0005" value="100" transactionRef="TF0031"/>
		<interest stakeholder="SH0005" value="100" transactionRef="TF0032"/>
		<interest stakeholder="SH0005" value="100" transactionRef="TF0033"/>
		<interest stakeholder="SH0005" value="100" transactionRef="TF0034"/>
		<interest stakeholder="SH0005" value="100" transactionRef="TF0035"/>
		<interest stakeholder="SH0005" value="100" transactionRef="TF0036"/>
		<interest stakeholder="SH0005" value="100" transactionRef="TF0037"/>
		<interest stakeholder="SH0005" value="100" transactionRef="TF0038"/>
		<interest stakeholder="SH0005" value="100" transactionRef="TF0039"/>
		<interest stakeholder="SH0005" value="100" transactionRef="TF0040"/>
		<interest stakeholder="SH0005" value="100" transactionRef="TF0041"/>
		<interest stakeholder="SH0005" value="100" transactionRef="TF0042"/>
		<interest stakeholder="SH0005" value="100" transactionRef="TF0043"/>
		<interest stakeholder="SH0005" value="100" transactionRef="TF0044"/>
		<interest stakeholder="SH0005" value="100" transactionRef="TF0045"/>
		<interest stakeholder="SH0005" value="100" transactionRef="TF0046"/>
		<interest stakeholder="SH0005" value="100" transactionRef="TF0047"/>
		<interest stakeholder="SH0005" value="100" transactionRef="TF0048"/>
		<interest stakeholder="SH0005" value="100" transactionRef="TF0049"/>
		<interest stakeholder="SH0005" value="100" transactionRef="TF0050"/>
		<interest stakeholder="SH0005" value="100" transactionRef="TF0051"/>
		<interest stakeholder="SH0005" value="100" transactionRef="TF0052"/>
		<interest stakeholder="SH0005" value="100" transactionRef="TF0053"/>
		<interest stakeholder="SH0005" value="100" transactionRef="TF0054"/>
		<interest stakeholder="SH0005" value="100" transactionRef="TF0055"/>
		<interest stakeholder="SH0005" value="100" transactionRef="TF0056"/>
		<interest stakeholder="SH0005" value="100" transactionRef="TF0060"/>
		<interest stakeholder="SH0005" value="100" transactionRef="TF0061"/>
		<interest stakeholder="SH0005" value="100" transactionRef="TF0062"/>
		<interest stakeholder="SH0005" value="100" transactionRef="TF0063"/>
		<interest stakeholder="SH0005" value="100" transactionRef="TF0064"/>
		<interest stakeholder="SH0005" value="100" transactionRef="TF0065"/>
		<interest stakeholder="SH0005" value="100" transactionRef="TF0066"/>
		<interest stakeholder="SH0005" value="100" transactionRef="TF0072"/>
		<interest stakeholder="SH0005" value="100" transactionRef="TF0073"/>
		<interest stakeholder="SH0005" value="100" transactionRef="TF0075"/>
		<interest stakeholder="SH0005" value="100" transactionRef="TF0076"/>
		<interest stakeholder="SH0005" value="100" transactionRef="TF0077"/>
		<interest stakeholder="SH0005" value="100" transactionRef="TF0078"/>
		<interest stakeholder="SH0005" value="100" transactionRef="TF0079"/>
		<interest stakeholder="SH0005" value="100" transactionRef="TF0080"/>
		<interest stakeholder="SH0005" value="100" transactionRef="TF0081"/>
		<interest stakeholder="SH0005" value="100" transactionRef="TF0082"/>
		<interest stakeholder="SH0005" value="100" transactionRef="TF0083"/>
		<interest stakeholder="SH0005" value="100" transactionRef="TF0084"/>
		<interest stakeholder="SH0005" value="100" transactionRef="TF0085"/>
		<interest stakeholder="SH0005" value="100" transactionRef="TF0086"/>
		<interest stakeholder="SH0005" value="100" transactionRef="TF0087"/>
		<interest stakeholder="SH0005" value="100" transactionRef="TF0091"/>
		<interest stakeholder="SH0005" value="100" transactionRef="TF0092"/>
	</interests>
</stakeholders-interests>